timestamp,model_name,config_index,parameters,cv_scores,cv_mean,cv_std,train_r2,test_r2,train_mse,test_mse,train_mae,test_mae,cv_time,total_time,data_shape
2025-09-21T04:02:59.720460,RandomForest,1,"{'bootstrap': True, 'ccp_alpha': 0.0, 'criterion': 'squared_error', 'max_depth': 3, 'max_features': 'log2', 'max_leaf_nodes': None, 'max_samples': None, 'min_impurity_decrease': 0.0, 'min_samples_leaf': 2, 'min_samples_split': 2, 'min_weight_fraction_leaf': 0.0, 'n_estimators': 250, 'n_jobs': None, 'oob_score': False, 'random_state': 42, 'verbose': 0, 'warm_start': False}","[0.320472750182059, 0.37788974446858237, 0.3606526950340674, 0.3550222495035207, 0.3741854015193363]",0.3576445681415132,0.020401645846346326,0.37294942784970286,0.3599377032310628,0.023373069708830293,0.024432677558370655,0.10769061467404371,0.11112498663196754,2.1407132148742676,2.449381113052368,"{'train': (2176, 8), 'test': (544, 8)}"
2025-09-21T04:03:00.896072,RandomForest,2,"{'bootstrap': True, 'ccp_alpha': 0.0, 'criterion': 'squared_error', 'max_depth': 10, 'max_features': 'sqrt', 'max_leaf_nodes': None, 'max_samples': None, 'min_impurity_decrease': 0.0, 'min_samples_leaf': 1, 'min_samples_split': 5, 'min_weight_fraction_leaf': 0.0, 'n_estimators': 50, 'n_jobs': None, 'oob_score': False, 'random_state': 42, 'verbose': 0, 'warm_start': False}","[0.5126351307880648, 0.4897785990952672, 0.5599882817132804, 0.5247711882452621, 0.5103402759563522]",0.5195026951596453,0.023158043919485623,0.6092285403785633,0.5636704292089576,0.01456585636248171,0.016655722054142987,0.0812723441564773,0.08884834267395983,1.0738816261291504,1.1746165752410889,"{'train': (2176, 8), 'test': (544, 8)}"
2025-09-21T04:03:01.045727,RandomForest,3,"{'bootstrap': True, 'ccp_alpha': 0.0, 'criterion': 'squared_error', 'max_depth': 3, 'max_features': 'sqrt', 'max_leaf_nodes': None, 'max_samples': None, 'min_impurity_decrease': 0.0, 'min_samples_leaf': 2, 'min_samples_split': 5, 'min_weight_fraction_leaf': 0.0, 'n_estimators': 50, 'n_jobs': None, 'oob_score': False, 'random_state': 42, 'verbose': 0, 'warm_start': False}","[0.300628219445658, 0.3582651711820146, 0.34318787235989234, 0.3323803220177546, 0.3494906415542057]",0.3367904453119051,0.01995265233343526,0.3447689605581745,0.3358372177753314,0.024423485824668602,0.025352649556584853,0.1105521141012657,0.11303329070359715,0.08870983123779297,0.14870548248291016,"{'train': (2176, 8), 'test': (544, 8)}"
2025-09-21T04:03:02.249402,RandomForest,4,"{'bootstrap': True, 'ccp_alpha': 0.0, 'criterion': 'squared_error', 'max_depth': 10, 'max_features': 'log2', 'max_leaf_nodes': None, 'max_samples': None, 'min_impurity_decrease': 0.0, 'min_samples_leaf': 1, 'min_samples_split': 5, 'min_weight_fraction_leaf': 0.0, 'n_estimators': 250, 'n_jobs': None, 'oob_score': False, 'random_state': 42, 'verbose': 0, 'warm_start': False}","[0.517153899278474, 0.4973823884836259, 0.5678581704559328, 0.5246279975333983, 0.5207898017019745]",0.5255624514906811,0.023140436185942935,0.6180555005374992,0.5612348689944604,0.014236834806206937,0.016748693094142064,0.07985517250596649,0.08878476670462311,0.6830651760101318,1.2026793956756592,"{'train': (2176, 8), 'test': (544, 8)}"
2025-09-21T04:03:02.697179,RandomForest,5,"{'bootstrap': True, 'ccp_alpha': 0.0, 'criterion': 'squared_error', 'max_depth': 10, 'max_features': 'sqrt', 'max_leaf_nodes': None, 'max_samples': None, 'min_impurity_decrease': 0.0, 'min_samples_leaf': 2, 'min_samples_split': 5, 'min_weight_fraction_leaf': 0.0, 'n_estimators': 100, 'n_jobs': None, 'oob_score': False, 'random_state': 42, 'verbose': 0, 'warm_start': False}","[0.5022647427268081, 0.4939335368556418, 0.5504405257642977, 0.5082143360068714, 0.509971421992192]",0.5129649126691622,0.019558309968217644,0.6029126354009813,0.5538826573627115,0.014801279299437404,0.017029344238641945,0.08196327160786307,0.09009379414252722,0.24373316764831543,0.4457824230194092,"{'train': (2176, 8), 'test': (544, 8)}"
2025-09-21T04:03:03.138976,RandomForest,6,"{'bootstrap': True, 'ccp_alpha': 0.0, 'criterion': 'squared_error', 'max_depth': 8, 'max_features': 'sqrt', 'max_leaf_nodes': None, 'max_samples': None, 'min_impurity_decrease': 0.0, 'min_samples_leaf': 2, 'min_samples_split': 5, 'min_weight_fraction_leaf': 0.0, 'n_estimators': 100, 'n_jobs': None, 'oob_score': False, 'random_state': 42, 'verbose': 0, 'warm_start': False}","[0.4739941328653814, 0.5002749750622799, 0.527394246514499, 0.4851341914740317, 0.5140101875834413]",0.5001615466999267,0.019204023595997422,0.5671402843015461,0.5305085532955638,0.016134679974009223,0.017921588557314228,0.08733267021974819,0.09377476322256978,0.24625015258789062,0.4328293800354004,"{'train': (2176, 8), 'test': (544, 8)}"
2025-09-21T04:03:03.615743,RandomForest,7,"{'bootstrap': True, 'ccp_alpha': 0.0, 'criterion': 'squared_error', 'max_depth': 8, 'max_features': 'log2', 'max_leaf_nodes': None, 'max_samples': None, 'min_impurity_decrease': 0.0, 'min_samples_leaf': 1, 'min_samples_split': 2, 'min_weight_fraction_leaf': 0.0, 'n_estimators': 100, 'n_jobs': None, 'oob_score': False, 'random_state': 42, 'verbose': 0, 'warm_start': False}","[0.5005502161894717, 0.49533871723349365, 0.5483499068052275, 0.5170041111633684, 0.5199598498100474]",0.5162405602403217,0.018593010510710294,0.5905216161650405,0.5391569709246198,0.015263149791592356,0.01759145819283639,0.0841649260026295,0.09237209088676251,0.2745091915130615,0.47510242462158203,"{'train': (2176, 8), 'test': (544, 8)}"
2025-09-21T04:03:03.879186,RandomForest,8,"{'bootstrap': True, 'ccp_alpha': 0.0, 'criterion': 'squared_error', 'max_depth': 12, 'max_features': 'log2', 'max_leaf_nodes': None, 'max_samples': None, 'min_impurity_decrease': 0.0, 'min_samples_leaf': 2, 'min_samples_split': 2, 'min_weight_fraction_leaf': 0.0, 'n_estimators': 50, 'n_jobs': None, 'oob_score': False, 'random_state': 42, 'verbose': 0, 'warm_start': False}","[0.5192710383870877, 0.47939888584886636, 0.5623654760680525, 0.5206986196621868, 0.5147382791874384]",0.5192944598307263,0.026341982683574374,0.6208010472164893,0.5595500694814373,0.01413449560620139,0.016813005839104535,0.07850117957462412,0.08873843531368142,0.14856982231140137,0.2625150680541992,"{'train': (2176, 8), 'test': (544, 8)}"
2025-09-21T04:03:04.993795,RandomForest,9,"{'bootstrap': True, 'ccp_alpha': 0.0, 'criterion': 'squared_error', 'max_depth': 10, 'max_features': 'sqrt', 'max_leaf_nodes': None, 'max_samples': None, 'min_impurity_decrease': 0.0, 'min_samples_leaf': 1, 'min_samples_split': 5, 'min_weight_fraction_leaf': 0.0, 'n_estimators': 250, 'n_jobs': None, 'oob_score': False, 'random_state': 42, 'verbose': 0, 'warm_start': False}","[0.5116711667569267, 0.5028734634657503, 0.560753448505694, 0.5174435675618987, 0.5172614360813639]",0.5220006164743267,0.0200875783991822,0.6126940997780752,0.5596111375347319,0.014436678964322077,0.01681067472842547,0.08073769672964845,0.08905372010796284,0.6172289848327637,1.1135902404785156,"{'train': (2176, 8), 'test': (544, 8)}"
2025-09-21T04:03:05.232040,RandomForest,10,"{'bootstrap': True, 'ccp_alpha': 0.0, 'criterion': 'squared_error', 'max_depth': 10, 'max_features': 'sqrt', 'max_leaf_nodes': None, 'max_samples': None, 'min_impurity_decrease': 0.0, 'min_samples_leaf': 2, 'min_samples_split': 2, 'min_weight_fraction_leaf': 0.0, 'n_estimators': 50, 'n_jobs': None, 'oob_score': False, 'random_state': 42, 'verbose': 0, 'warm_start': False}","[0.5024358609588033, 0.48578367090649477, 0.5508475334506128, 0.506709352720222, 0.5198529919926609]",0.5131258820057587,0.021777152717268395,0.5996428096066331,0.5510795523416729,0.014923160802495368,0.01713634532507839,0.08221621138482083,0.0901485374284962,0.1346883773803711,0.2362520694732666,"{'train': (2176, 8), 'test': (544, 8)}"
2025-09-21T04:03:06.041243,RandomForest,11,"{'bootstrap': True, 'ccp_alpha': 0.0, 'criterion': 'squared_error', 'max_depth': 5, 'max_features': 'log2', 'max_leaf_nodes': None, 'max_samples': None, 'min_impurity_decrease': 0.0, 'min_samples_leaf': 1, 'min_samples_split': 5, 'min_weight_fraction_leaf': 0.0, 'n_estimators': 250, 'n_jobs': None, 'oob_score': False, 'random_state': 42, 'verbose': 0, 'warm_start': False}","[0.4057608295510149, 0.4687996892687084, 0.4411233295691994, 0.4297568876480147, 0.4625605433114872]",0.44160025586968493,0.02282148170146904,0.4781123160866497,0.45742278942100967,0.019453163362018223,0.02071144340717555,0.09716458967125774,0.10215699332008299,0.4599874019622803,0.7911133766174316,"{'train': (2176, 8), 'test': (544, 8)}"
2025-09-21T04:03:06.913582,RandomForest,12,"{'bootstrap': True, 'ccp_alpha': 0.0, 'criterion': 'squared_error', 'max_depth': 8, 'max_features': 'log2', 'max_leaf_nodes': None, 'max_samples': None, 'min_impurity_decrease': 0.0, 'min_samples_leaf': 2, 'min_samples_split': 2, 'min_weight_fraction_leaf': 0.0, 'n_estimators': 200, 'n_jobs': None, 'oob_score': False, 'random_state': 42, 'verbose': 0, 'warm_start': False}","[0.48484733372983413, 0.5027155557294603, 0.5445082399098418, 0.4955171665270073, 0.5192342970752502]",0.5093645185942787,0.020830477168319785,0.5815147746650495,0.5397733998586448,0.015598876355900819,0.01756792765610784,0.08542168817060573,0.09284220075597886,0.4890575408935547,0.8704135417938232,"{'train': (2176, 8), 'test': (544, 8)}"
2025-09-21T04:03:07.123604,RandomForest,13,"{'bootstrap': True, 'ccp_alpha': 0.0, 'criterion': 'squared_error', 'max_depth': 8, 'max_features': 'sqrt', 'max_leaf_nodes': None, 'max_samples': None, 'min_impurity_decrease': 0.0, 'min_samples_leaf': 2, 'min_samples_split': 5, 'min_weight_fraction_leaf': 0.0, 'n_estimators': 50, 'n_jobs': None, 'oob_score': False, 'random_state': 42, 'verbose': 0, 'warm_start': False}","[0.46950192486276987, 0.495615104416548, 0.5319608939441841, 0.4845885762201635, 0.508694868003627]",0.49807227348945854,0.021285632257888317,0.567260981945144,0.5335699937738094,0.016130181015611287,0.017804726201186227,0.08734376533223441,0.09362149869493823,0.12066984176635742,0.209214448928833,"{'train': (2176, 8), 'test': (544, 8)}"
2025-09-21T04:03:08.042113,RandomForest,14,"{'bootstrap': True, 'ccp_alpha': 0.0, 'criterion': 'squared_error', 'max_depth': 10, 'max_features': 'log2', 'max_leaf_nodes': None, 'max_samples': None, 'min_impurity_decrease': 0.0, 'min_samples_leaf': 2, 'min_samples_split': 5, 'min_weight_fraction_leaf': 0.0, 'n_estimators': 200, 'n_jobs': None, 'oob_score': False, 'random_state': 42, 'verbose': 0, 'warm_start': False}","[0.5068099427083081, 0.49965854902421536, 0.5662475823499253, 0.514673040512047, 0.520685063070129]",0.5216148355329249,0.023419643260202964,0.6104780852610399,0.5577797324954546,0.014519280055976982,0.016880583749827476,0.08084726972517182,0.08917384111350403,0.5203046798706055,0.9171161651611328,"{'train': (2176, 8), 'test': (544, 8)}"
2025-09-21T04:03:08.751077,RandomForest,15,"{'bootstrap': True, 'ccp_alpha': 0.0, 'criterion': 'squared_error', 'max_depth': 10, 'max_features': 'sqrt', 'max_leaf_nodes': None, 'max_samples': None, 'min_impurity_decrease': 0.0, 'min_samples_leaf': 1, 'min_samples_split': 5, 'min_weight_fraction_leaf': 0.0, 'n_estimators': 150, 'n_jobs': None, 'oob_score': False, 'random_state': 42, 'verbose': 0, 'warm_start': False}","[0.5121325235470597, 0.5000019717925738, 0.5609645509318848, 0.5187893940300203, 0.5141537117191142]",0.5212084304041305,0.020824292949549118,0.6119328441986529,0.5626474690881463,0.014465054474232,0.016694770838789456,0.08079073429996168,0.0888497794206079,0.41146087646484375,0.7069709300994873,"{'train': (2176, 8), 'test': (544, 8)}"
2025-09-21T04:03:08.920572,RandomForest,16,"{'bootstrap': True, 'ccp_alpha': 0.0, 'criterion': 'squared_error', 'max_depth': 5, 'max_features': 'sqrt', 'max_leaf_nodes': None, 'max_samples': None, 'min_impurity_decrease': 0.0, 'min_samples_leaf': 1, 'min_samples_split': 2, 'min_weight_fraction_leaf': 0.0, 'n_estimators': 50, 'n_jobs': None, 'oob_score': False, 'random_state': 42, 'verbose': 0, 'warm_start': False}","[0.3875483133463248, 0.444115452865123, 0.43307122386532326, 0.41457955751075926, 0.44504176011186436]",0.4248712615398789,0.021648782544177844,0.4437497237804705,0.4293704222436392,0.020734015817976008,0.02178226799011633,0.1007277934124722,0.10515960717509217,0.09368419647216797,0.16146588325500488,"{'train': (2176, 8), 'test': (544, 8)}"
2025-09-21T04:03:09.076425,RandomForest,17,"{'bootstrap': True, 'ccp_alpha': 0.0, 'criterion': 'squared_error', 'max_depth': 3, 'max_features': 'log2', 'max_leaf_nodes': None, 'max_samples': None, 'min_impurity_decrease': 0.0, 'min_samples_leaf': 2, 'min_samples_split': 5, 'min_weight_fraction_leaf': 0.0, 'n_estimators': 50, 'n_jobs': None, 'oob_score': False, 'random_state': 42, 'verbose': 0, 'warm_start': False}","[0.31664169359751715, 0.37669855853855105, 0.3586292415000437, 0.35456540407039217, 0.3662889882490694]",0.3545647771911147,0.020406085079829064,0.3686644707296668,0.35807374892347443,0.023532789842921717,0.024503829061608286,0.10788674110408768,0.11126528360207827,0.09229826927185059,0.15486645698547363,"{'train': (2176, 8), 'test': (544, 8)}"
2025-09-21T04:03:09.302191,RandomForest,18,"{'bootstrap': True, 'ccp_alpha': 0.0, 'criterion': 'squared_error', 'max_depth': 8, 'max_features': 'log2', 'max_leaf_nodes': None, 'max_samples': None, 'min_impurity_decrease': 0.0, 'min_samples_leaf': 2, 'min_samples_split': 5, 'min_weight_fraction_leaf': 0.0, 'n_estimators': 50, 'n_jobs': None, 'oob_score': False, 'random_state': 42, 'verbose': 0, 'warm_start': False}","[0.4834659990556718, 0.4988555504032971, 0.5402886315344648, 0.4966766186502125, 0.5171805858225758]",0.5072934770932445,0.019688068139260977,0.5682377773006292,0.5336045190900653,0.01609377134317175,0.017803408288970587,0.08674926934462708,0.0934254133052943,0.1293189525604248,0.22478055953979492,"{'train': (2176, 8), 'test': (544, 8)}"
2025-09-21T04:03:09.634000,RandomForest,19,"{'bootstrap': True, 'ccp_alpha': 0.0, 'criterion': 'squared_error', 'max_depth': 5, 'max_features': 'log2', 'max_leaf_nodes': None, 'max_samples': None, 'min_impurity_decrease': 0.0, 'min_samples_leaf': 2, 'min_samples_split': 5, 'min_weight_fraction_leaf': 0.0, 'n_estimators': 100, 'n_jobs': None, 'oob_score': False, 'random_state': 42, 'verbose': 0, 'warm_start': False}","[0.4030293581086354, 0.46848241975842475, 0.4354419234927912, 0.4220373856669918, 0.4612162293535841]",0.43804146327608545,0.02430002975210468,0.4740849782451946,0.4561789029130867,0.019603280836254063,0.020758925469657137,0.09738750742001089,0.10188006494470078,0.19536089897155762,0.33090686798095703,"{'train': (2176, 8), 'test': (544, 8)}"
2025-09-21T04:03:10.055118,RandomForest,20,"{'bootstrap': True, 'ccp_alpha': 0.0, 'criterion': 'squared_error', 'max_depth': 8, 'max_features': 'log2', 'max_leaf_nodes': None, 'max_samples': None, 'min_impurity_decrease': 0.0, 'min_samples_leaf': 2, 'min_samples_split': 2, 'min_weight_fraction_leaf': 0.0, 'n_estimators': 100, 'n_jobs': None, 'oob_score': False, 'random_state': 42, 'verbose': 0, 'warm_start': False}","[0.4831950362213556, 0.4994386813608017, 0.5426309997656495, 0.49565633829641353, 0.5178292182371753]",0.5077500547762791,0.020671505518478645,0.5787494972781291,0.5397542081242219,0.015701951010481077,0.017568660249577733,0.0856908281150415,0.0928624323764476,0.2450265884399414,0.4201216697692871,"{'train': (2176, 8), 'test': (544, 8)}"
2025-09-21T04:03:10.705292,RandomForest,21,"{'bootstrap': True, 'ccp_alpha': 0.0, 'criterion': 'squared_error', 'max_depth': 5, 'max_features': 'log2', 'max_leaf_nodes': None, 'max_samples': None, 'min_impurity_decrease': 0.0, 'min_samples_leaf': 1, 'min_samples_split': 2, 'min_weight_fraction_leaf': 0.0, 'n_estimators': 200, 'n_jobs': None, 'oob_score': False, 'random_state': 42, 'verbose': 0, 'warm_start': False}","[0.4077698583227125, 0.46371008852823825, 0.4456236189520659, 0.432831856269582, 0.46382672839283356]",0.4427524300930865,0.021041821850933475,0.47623292029368325,0.4545037785315219,0.019523217119769933,0.020822868892182635,0.09745443009831617,0.10282137192340009,0.35946059226989746,0.6421999931335449,"{'train': (2176, 8), 'test': (544, 8)}"
2025-09-21T04:03:11.656497,RandomForest,22,"{'bootstrap': True, 'ccp_alpha': 0.0, 'criterion': 'squared_error', 'max_depth': 12, 'max_features': 'sqrt', 'max_leaf_nodes': None, 'max_samples': None, 'min_impurity_decrease': 0.0, 'min_samples_leaf': 2, 'min_samples_split': 2, 'min_weight_fraction_leaf': 0.0, 'n_estimators': 200, 'n_jobs': None, 'oob_score': False, 'random_state': 42, 'verbose': 0, 'warm_start': False}","[0.5105940515069206, 0.4926110153289377, 0.5664579572374133, 0.5125935587157875, 0.5155419196575994]",0.5195597004893318,0.024781971969880787,0.6195522354615145,0.5566596099785088,0.01418104458565952,0.01692334145078965,0.07897661810134536,0.08875234715882281,0.534355640411377,0.9502887725830078,"{'train': (2176, 8), 'test': (544, 8)}"
2025-09-21T04:03:13.012521,RandomForest,23,"{'bootstrap': True, 'ccp_alpha': 0.0, 'criterion': 'squared_error', 'max_depth': 12, 'max_features': 'log2', 'max_leaf_nodes': None, 'max_samples': None, 'min_impurity_decrease': 0.0, 'min_samples_leaf': 1, 'min_samples_split': 5, 'min_weight_fraction_leaf': 0.0, 'n_estimators': 250, 'n_jobs': None, 'oob_score': False, 'random_state': 42, 'verbose': 0, 'warm_start': False}","[0.5244039151399135, 0.4876325421486014, 0.5719779658012836, 0.5252470709186128, 0.517228699199256]",0.5252980386415335,0.027068880727796178,0.6290782894615375,0.5632988782141903,0.01382596457444273,0.016669905026171595,0.07742774780102878,0.08765185057631356,0.7918462753295898,1.355027675628662,"{'train': (2176, 8), 'test': (544, 8)}"
2025-09-21T04:03:13.867079,RandomForest,24,"{'bootstrap': True, 'ccp_alpha': 0.0, 'criterion': 'squared_error', 'max_depth': 8, 'max_features': 'log2', 'max_leaf_nodes': None, 'max_samples': None, 'min_impurity_decrease': 0.0, 'min_samples_leaf': 2, 'min_samples_split': 5, 'min_weight_fraction_leaf': 0.0, 'n_estimators': 200, 'n_jobs': None, 'oob_score': False, 'random_state': 42, 'verbose': 0, 'warm_start': False}","[0.48512584394557956, 0.5060953462495658, 0.5427262533899051, 0.4978217354604785, 0.5211237319515225]",0.5105785821994102,0.019876374791129463,0.577608609120954,0.53873191501636,0.01574447717920171,0.01760768357277709,0.08585541988026552,0.09290962448729177,0.4680764675140381,0.8526322841644287,"{'train': (2176, 8), 'test': (544, 8)}"
2025-09-21T04:03:14.177303,RandomForest,25,"{'bootstrap': True, 'ccp_alpha': 0.0, 'criterion': 'squared_error', 'max_depth': 5, 'max_features': 'sqrt', 'max_leaf_nodes': None, 'max_samples': None, 'min_impurity_decrease': 0.0, 'min_samples_leaf': 2, 'min_samples_split': 2, 'min_weight_fraction_leaf': 0.0, 'n_estimators': 100, 'n_jobs': None, 'oob_score': False, 'random_state': 42, 'verbose': 0, 'warm_start': False}","[0.3892460692251388, 0.4472509550678888, 0.4275188056685355, 0.40926350403301315, 0.4448848305338913]",0.4236328329056935,0.02197039376362843,0.455724794918853,0.4367569925133561,0.020287649631711646,0.0215003052959016,0.09950943782628932,0.10393421303681005,0.17960500717163086,0.309295654296875,"{'train': (2176, 8), 'test': (544, 8)}"
2025-09-21T04:03:14.861138,RandomForest,26,"{'bootstrap': True, 'ccp_alpha': 0.0, 'criterion': 'squared_error', 'max_depth': 3, 'max_features': 'sqrt', 'max_leaf_nodes': None, 'max_samples': None, 'min_impurity_decrease': 0.0, 'min_samples_leaf': 2, 'min_samples_split': 5, 'min_weight_fraction_leaf': 0.0, 'n_estimators': 250, 'n_jobs': None, 'oob_score': False, 'random_state': 42, 'verbose': 0, 'warm_start': False}","[0.30054878408841756, 0.35770918727930334, 0.34193738936713647, 0.33889626895443214, 0.3535136869413552]",0.33852106332612897,0.020231998997127933,0.3525980274168534,0.3418181901588835,0.024131660358637234,0.025124341827055204,0.1100866187186417,0.11279881592263176,0.3940281867980957,0.6652224063873291,"{'train': (2176, 8), 'test': (544, 8)}"
2025-09-21T04:03:16.045819,RandomForest,27,"{'bootstrap': True, 'ccp_alpha': 0.0, 'criterion': 'squared_error', 'max_depth': 10, 'max_features': 'log2', 'max_leaf_nodes': None, 'max_samples': None, 'min_impurity_decrease': 0.0, 'min_samples_leaf': 2, 'min_samples_split': 5, 'min_weight_fraction_leaf': 0.0, 'n_estimators': 250, 'n_jobs': None, 'oob_score': False, 'random_state': 42, 'verbose': 0, 'warm_start': False}","[0.5077591281662115, 0.49899015958283066, 0.5674207599480833, 0.5145214684849395, 0.5198891605000782]",0.5217161353364286,0.023896785566897723,0.6107906790899876,0.5575935076241816,0.014507628240829934,0.016887692389496042,0.0808626299537578,0.08915205299093959,0.6581225395202637,1.1836824417114258,"{'train': (2176, 8), 'test': (544, 8)}"
2025-09-21T04:03:16.788243,RandomForest,28,"{'bootstrap': True, 'ccp_alpha': 0.0, 'criterion': 'squared_error', 'max_depth': 10, 'max_features': 'log2', 'max_leaf_nodes': None, 'max_samples': None, 'min_impurity_decrease': 0.0, 'min_samples_leaf': 2, 'min_samples_split': 2, 'min_weight_fraction_leaf': 0.0, 'n_estimators': 150, 'n_jobs': None, 'oob_score': False, 'random_state': 42, 'verbose': 0, 'warm_start': False}","[0.5104254347620585, 0.49082731979546934, 0.5706273648809803, 0.5107564940951193, 0.519800498274072]",0.5204874223615399,0.026796051739623506,0.6131150418071113,0.5571614643269029,0.014420988511549986,0.016904184494447312,0.08036028764774636,0.08937609054641335,0.4093661308288574,0.74049973487854,"{'train': (2176, 8), 'test': (544, 8)}"
2025-09-21T04:03:17.230694,RandomForest,29,"{'bootstrap': True, 'ccp_alpha': 0.0, 'criterion': 'squared_error', 'max_depth': 8, 'max_features': 'sqrt', 'max_leaf_nodes': None, 'max_samples': None, 'min_impurity_decrease': 0.0, 'min_samples_leaf': 1, 'min_samples_split': 2, 'min_weight_fraction_leaf': 0.0, 'n_estimators': 100, 'n_jobs': None, 'oob_score': False, 'random_state': 42, 'verbose': 0, 'warm_start': False}","[0.49596822536852625, 0.5007816463263816, 0.5392037174514941, 0.506987804436114, 0.5208611126048517]",0.5127605012374735,0.01564391965248469,0.5811157163988145,0.5372764876960836,0.015613751099803227,0.017663240643714506,0.08559796401605366,0.09288331248379711,0.24428749084472656,0.4415252208709717,"{'train': (2176, 8), 'test': (544, 8)}"
2025-09-21T04:03:17.968898,RandomForest,30,"{'bootstrap': True, 'ccp_alpha': 0.0, 'criterion': 'squared_error', 'max_depth': 12, 'max_features': 'sqrt', 'max_leaf_nodes': None, 'max_samples': None, 'min_impurity_decrease': 0.0, 'min_samples_leaf': 2, 'min_samples_split': 2, 'min_weight_fraction_leaf': 0.0, 'n_estimators': 150, 'n_jobs': None, 'oob_score': False, 'random_state': 42, 'verbose': 0, 'warm_start': False}","[0.5096588762434875, 0.48929169666979433, 0.567327498550581, 0.5126070946399637, 0.5153694137892488]",0.518850915978615,0.02592036365832591,0.6192582191539976,0.557452789044157,0.014192003930816577,0.01689306394740465,0.0789704137664813,0.08868432079778496,0.41492366790771484,0.7372198104858398,"{'train': (2176, 8), 'test': (544, 8)}"
2025-09-21T04:03:18.857948,RandomForest,31,"{'bootstrap': True, 'ccp_alpha': 0.0, 'criterion': 'squared_error', 'max_depth': 10, 'max_features': 'sqrt', 'max_leaf_nodes': None, 'max_samples': None, 'min_impurity_decrease': 0.0, 'min_samples_leaf': 2, 'min_samples_split': 5, 'min_weight_fraction_leaf': 0.0, 'n_estimators': 200, 'n_jobs': None, 'oob_score': False, 'random_state': 42, 'verbose': 0, 'warm_start': False}","[0.50004519560755, 0.4967110438709901, 0.5543223430283134, 0.5056524452332289, 0.5115932617980801]",0.5136648579076325,0.020949693912808303,0.6026556268884793,0.5514298732928054,0.014810859193221523,0.01712297275355814,0.08218496802270905,0.09019333924911777,0.489635705947876,0.8793432712554932,"{'train': (2176, 8), 'test': (544, 8)}"
2025-09-21T04:03:19.353615,RandomForest,32,"{'bootstrap': True, 'ccp_alpha': 0.0, 'criterion': 'squared_error', 'max_depth': 10, 'max_features': 'log2', 'max_leaf_nodes': None, 'max_samples': None, 'min_impurity_decrease': 0.0, 'min_samples_leaf': 2, 'min_samples_split': 5, 'min_weight_fraction_leaf': 0.0, 'n_estimators': 100, 'n_jobs': None, 'oob_score': False, 'random_state': 42, 'verbose': 0, 'warm_start': False}","[0.5063958962846864, 0.49502416572079466, 0.566514613648653, 0.515253339065251, 0.5190192724149338]",0.5204414574268638,0.024474441411602054,0.6082707337279412,0.5597832157433206,0.014601558238226443,0.016804106100017747,0.08103798179474439,0.08902450841517189,0.2714576721191406,0.49360203742980957,"{'train': (2176, 8), 'test': (544, 8)}"
2025-09-21T04:03:19.520985,RandomForest,33,"{'bootstrap': True, 'ccp_alpha': 0.0, 'criterion': 'squared_error', 'max_depth': 3, 'max_features': 'log2', 'max_leaf_nodes': None, 'max_samples': None, 'min_impurity_decrease': 0.0, 'min_samples_leaf': 1, 'min_samples_split': 2, 'min_weight_fraction_leaf': 0.0, 'n_estimators': 50, 'n_jobs': None, 'oob_score': False, 'random_state': 42, 'verbose': 0, 'warm_start': False}","[0.3164532997220767, 0.3775387988898561, 0.35920197361354333, 0.35526227482551953, 0.3661898169584783]",0.3549292328018948,0.020672483603229954,0.36884983241064895,0.35833489045816813,0.023525880557318034,0.02449386067736432,0.1079013870736782,0.11127705900354785,0.09866952896118164,0.16544556617736816,"{'train': (2176, 8), 'test': (544, 8)}"
2025-09-21T04:03:19.803057,RandomForest,34,"{'bootstrap': True, 'ccp_alpha': 0.0, 'criterion': 'squared_error', 'max_depth': 3, 'max_features': 'sqrt', 'max_leaf_nodes': None, 'max_samples': None, 'min_impurity_decrease': 0.0, 'min_samples_leaf': 1, 'min_samples_split': 2, 'min_weight_fraction_leaf': 0.0, 'n_estimators': 100, 'n_jobs': None, 'oob_score': False, 'random_state': 42, 'verbose': 0, 'warm_start': False}","[0.30197594973888475, 0.35888357172450025, 0.34242332608804626, 0.3360567863996142, 0.3547617820725042]",0.3388202832047099,0.020173203382368877,0.35095454383149616,0.34132996571191154,0.024192920579282826,0.02514297849812487,0.11011237424526767,0.1126353712237498,0.16444993019104004,0.28107476234436035,"{'train': (2176, 8), 'test': (544, 8)}"
2025-09-21T04:03:21.123524,RandomForest,35,"{'bootstrap': True, 'ccp_alpha': 0.0, 'criterion': 'squared_error', 'max_depth': 10, 'max_features': 'log2', 'max_leaf_nodes': None, 'max_samples': None, 'min_impurity_decrease': 0.0, 'min_samples_leaf': 1, 'min_samples_split': 2, 'min_weight_fraction_leaf': 0.0, 'n_estimators': 250, 'n_jobs': None, 'oob_score': False, 'random_state': 42, 'verbose': 0, 'warm_start': False}","[0.5227139174922133, 0.49513515859289103, 0.5692476935382367, 0.5310538806073426, 0.5195586626285766]",0.5275418625718521,0.0240372444555718,0.6241214957664223,0.5507998617751066,0.014010727159334291,0.017147021769330036,0.07876627240489341,0.0891706463534584,0.751021146774292,1.3194732666015625,"{'train': (2176, 8), 'test': (544, 8)}"
2025-09-21T04:03:21.561126,RandomForest,36,"{'bootstrap': True, 'ccp_alpha': 0.0, 'criterion': 'squared_error', 'max_depth': 3, 'max_features': 'log2', 'max_leaf_nodes': None, 'max_samples': None, 'min_impurity_decrease': 0.0, 'min_samples_leaf': 2, 'min_samples_split': 5, 'min_weight_fraction_leaf': 0.0, 'n_estimators': 150, 'n_jobs': None, 'oob_score': False, 'random_state': 42, 'verbose': 0, 'warm_start': False}","[0.32046401615972686, 0.3784952218695108, 0.3588469634922894, 0.3544723290669345, 0.3735317688838854]",0.3571620598944694,0.02039554430882948,0.37215974652499284,0.3595182864206753,0.023402504777499337,0.024448687680732946,0.10773989019528199,0.11118197967449678,0.2391984462738037,0.4176020622253418,"{'train': (2176, 8), 'test': (544, 8)}"
2025-09-21T04:03:22.325397,RandomForest,37,"{'bootstrap': True, 'ccp_alpha': 0.0, 'criterion': 'squared_error', 'max_depth': 5, 'max_features': 'sqrt', 'max_leaf_nodes': None, 'max_samples': None, 'min_impurity_decrease': 0.0, 'min_samples_leaf': 1, 'min_samples_split': 2, 'min_weight_fraction_leaf': 0.0, 'n_estimators': 250, 'n_jobs': None, 'oob_score': False, 'random_state': 42, 'verbose': 0, 'warm_start': False}","[0.38781079097424864, 0.4480555622456527, 0.4329625797464919, 0.41146387727423195, 0.45507119042987976]",0.4270728001341009,0.024673951872292106,0.4561897873899917,0.43808259263442384,0.02027031721559609,0.021449704033348123,0.09967182964126746,0.10400551895572568,0.43733882904052734,0.7627627849578857,"{'train': (2176, 8), 'test': (544, 8)}"
2025-09-21T04:03:22.620929,RandomForest,38,"{'bootstrap': True, 'ccp_alpha': 0.0, 'criterion': 'squared_error', 'max_depth': 12, 'max_features': 'log2', 'max_leaf_nodes': None, 'max_samples': None, 'min_impurity_decrease': 0.0, 'min_samples_leaf': 2, 'min_samples_split': 5, 'min_weight_fraction_leaf': 0.0, 'n_estimators': 50, 'n_jobs': None, 'oob_score': False, 'random_state': 42, 'verbose': 0, 'warm_start': False}","[0.5140415233252615, 0.47565795562825464, 0.5673035668446356, 0.5195554376366485, 0.5173645087678225]",0.5187845984405245,0.02911736672348672,0.6171199031508723,0.5613034545179592,0.014271708840149753,0.016746075024011584,0.07903858386079707,0.08827225904018994,0.17073535919189453,0.2945370674133301,"{'train': (2176, 8), 'test': (544, 8)}"
2025-09-21T04:03:23.760921,RandomForest,39,"{'bootstrap': True, 'ccp_alpha': 0.0, 'criterion': 'squared_error', 'max_depth': 8, 'max_features': 'log2', 'max_leaf_nodes': None, 'max_samples': None, 'min_impurity_decrease': 0.0, 'min_samples_leaf': 1, 'min_samples_split': 5, 'min_weight_fraction_leaf': 0.0, 'n_estimators': 250, 'n_jobs': None, 'oob_score': False, 'random_state': 42, 'verbose': 0, 'warm_start': False}","[0.4942996166932836, 0.504694808043477, 0.5461360870716272, 0.5048011945486373, 0.5202264091451521]",0.5140316231004355,0.018059905783402882,0.5856190140715716,0.5437406368026709,0.015445892405305884,0.01741648892656486,0.08506247619488182,0.09203878254071911,0.6952524185180664,1.1390047073364258,"{'train': (2176, 8), 'test': (544, 8)}"
2025-09-21T04:03:24.207162,RandomForest,40,"{'bootstrap': True, 'ccp_alpha': 0.0, 'criterion': 'squared_error', 'max_depth': 3, 'max_features': 'sqrt', 'max_leaf_nodes': None, 'max_samples': None, 'min_impurity_decrease': 0.0, 'min_samples_leaf': 2, 'min_samples_split': 5, 'min_weight_fraction_leaf': 0.0, 'n_estimators': 150, 'n_jobs': None, 'oob_score': False, 'random_state': 42, 'verbose': 0, 'warm_start': False}","[0.3016847971134302, 0.359425897769015, 0.3410237998233341, 0.3377547144785463, 0.35339603796775987]",0.33865704943041713,0.020109430631394243,0.35176854084672726,0.3417446095492128,0.024162579152570574,0.025127150571328548,0.11014186109509279,0.11264711438054463,0.27640676498413086,0.4452328681945801,"{'train': (2176, 8), 'test': (544, 8)}"
2025-09-21T04:03:25.321300,RandomForest,41,"{'bootstrap': True, 'ccp_alpha': 0.0, 'criterion': 'squared_error', 'max_depth': 10, 'max_features': 'sqrt', 'max_leaf_nodes': None, 'max_samples': None, 'min_impurity_decrease': 0.0, 'min_samples_leaf': 2, 'min_samples_split': 5, 'min_weight_fraction_leaf': 0.0, 'n_estimators': 250, 'n_jobs': None, 'oob_score': False, 'random_state': 42, 'verbose': 0, 'warm_start': False}","[0.49862200497222764, 0.49660320258436697, 0.5542633335275102, 0.505708407461416, 0.5122770513832517]",0.5134947999857544,0.021122074905804995,0.6027950056769403,0.5502492831458716,0.014805663902309885,0.017168038645634945,0.08223671159656719,0.0903134177852506,0.613985538482666,1.1041457653045654,"{'train': (2176, 8), 'test': (544, 8)}"
2025-09-21T04:03:26.408273,RandomForest,42,"{'bootstrap': True, 'ccp_alpha': 0.0, 'criterion': 'squared_error', 'max_depth': 8, 'max_features': 'sqrt', 'max_leaf_nodes': None, 'max_samples': None, 'min_impurity_decrease': 0.0, 'min_samples_leaf': 2, 'min_samples_split': 5, 'min_weight_fraction_leaf': 0.0, 'n_estimators': 250, 'n_jobs': None, 'oob_score': False, 'random_state': 42, 'verbose': 0, 'warm_start': False}","[0.4742922440360503, 0.5032185776504243, 0.5300619997651934, 0.48709213019201747, 0.5143097292845531]",0.5017949361856477,0.01964812593760828,0.567151229953647,0.5288977080343307,0.016134271979022972,0.017983078295208208,0.08737414204207927,0.09368483203181975,0.5781130790710449,1.0860445499420166,"{'train': (2176, 8), 'test': (544, 8)}"
2025-09-21T04:03:27.100483,RandomForest,43,"{'bootstrap': True, 'ccp_alpha': 0.0, 'criterion': 'squared_error', 'max_depth': 8, 'max_features': 'log2', 'max_leaf_nodes': None, 'max_samples': None, 'min_impurity_decrease': 0.0, 'min_samples_leaf': 1, 'min_samples_split': 2, 'min_weight_fraction_leaf': 0.0, 'n_estimators': 150, 'n_jobs': None, 'oob_score': False, 'random_state': 42, 'verbose': 0, 'warm_start': False}","[0.5005425522801341, 0.49763484425144067, 0.550544663811209, 0.5118774215889557, 0.5197006122903954]",0.5160600188444271,0.01897481281215331,0.5896771059708535,0.5367282135748517,0.015294628585353536,0.017684169551549382,0.08436802727046046,0.09264121954825351,0.4022023677825928,0.6902847290039062,"{'train': (2176, 8), 'test': (544, 8)}"
2025-09-21T04:03:27.359251,RandomForest,44,"{'bootstrap': True, 'ccp_alpha': 0.0, 'criterion': 'squared_error', 'max_depth': 10, 'max_features': 'sqrt', 'max_leaf_nodes': None, 'max_samples': None, 'min_impurity_decrease': 0.0, 'min_samples_leaf': 1, 'min_samples_split': 2, 'min_weight_fraction_leaf': 0.0, 'n_estimators': 50, 'n_jobs': None, 'oob_score': False, 'random_state': 42, 'verbose': 0, 'warm_start': False}","[0.5171368234597469, 0.48227893434750535, 0.5647808687940536, 0.5301547713686741, 0.5145967741302284]",0.5217896344200417,0.026655967655943528,0.6138117332022155,0.5540247811858325,0.014395019606861053,0.017023919039311802,0.0803234295045623,0.08960714039619436,0.14913511276245117,0.2567753791809082,"{'train': (2176, 8), 'test': (544, 8)}"
2025-09-21T04:03:27.880778,RandomForest,45,"{'bootstrap': True, 'ccp_alpha': 0.0, 'criterion': 'squared_error', 'max_depth': 5, 'max_features': 'log2', 'max_leaf_nodes': None, 'max_samples': None, 'min_impurity_decrease': 0.0, 'min_samples_leaf': 2, 'min_samples_split': 2, 'min_weight_fraction_leaf': 0.0, 'n_estimators': 150, 'n_jobs': None, 'oob_score': False, 'random_state': 42, 'verbose': 0, 'warm_start': False}","[0.40105655663430395, 0.4656460718154388, 0.4367113165830563, 0.42109838443304504, 0.46190472765763746]",0.4372834114246963,0.024434881283589536,0.4750056388616787,0.45554426641242207,0.019568963564692593,0.020783151031865357,0.09731599526429291,0.10232516905081948,0.2835702896118164,0.5195353031158447,"{'train': (2176, 8), 'test': (544, 8)}"
2025-09-21T04:03:28.385316,RandomForest,46,"{'bootstrap': True, 'ccp_alpha': 0.0, 'criterion': 'squared_error', 'max_depth': 5, 'max_features': 'sqrt', 'max_leaf_nodes': None, 'max_samples': None, 'min_impurity_decrease': 0.0, 'min_samples_leaf': 1, 'min_samples_split': 2, 'min_weight_fraction_leaf': 0.0, 'n_estimators': 150, 'n_jobs': None, 'oob_score': False, 'random_state': 42, 'verbose': 0, 'warm_start': False}","[0.3843413029268513, 0.44607301529360244, 0.4318239046900013, 0.4084494513820438, 0.45237187957320424]",0.42461191077314064,0.025164080277864317,0.4540316520406774,0.4399150477708421,0.020350760883461085,0.02137975492727782,0.09987722331535871,0.10400672563142872,0.2751946449279785,0.4905815124511719,"{'train': (2176, 8), 'test': (544, 8)}"
2025-09-21T04:03:28.880660,RandomForest,47,"{'bootstrap': True, 'ccp_alpha': 0.0, 'criterion': 'squared_error', 'max_depth': 10, 'max_features': 'log2', 'max_leaf_nodes': None, 'max_samples': None, 'min_impurity_decrease': 0.0, 'min_samples_leaf': 2, 'min_samples_split': 2, 'min_weight_fraction_leaf': 0.0, 'n_estimators': 100, 'n_jobs': None, 'oob_score': False, 'random_state': 42, 'verbose': 0, 'warm_start': False}","[0.5091124099662714, 0.49033702742952, 0.5684288551632918, 0.5125629528913507, 0.5203158777299066]",0.5201514246360681,0.026073282770764275,0.6132751002989038,0.559004271646885,0.014415022392623843,0.016833840221274814,0.0803082982176916,0.08909854655487427,0.283052921295166,0.4934215545654297,"{'train': (2176, 8), 'test': (544, 8)}"
2025-09-21T04:03:29.066329,RandomForest,48,"{'bootstrap': True, 'ccp_alpha': 0.0, 'criterion': 'squared_error', 'max_depth': 5, 'max_features': 'log2', 'max_leaf_nodes': None, 'max_samples': None, 'min_impurity_decrease': 0.0, 'min_samples_leaf': 2, 'min_samples_split': 2, 'min_weight_fraction_leaf': 0.0, 'n_estimators': 50, 'n_jobs': None, 'oob_score': False, 'random_state': 42, 'verbose': 0, 'warm_start': False}","[0.3988305951650729, 0.4685057591911186, 0.43071070531613387, 0.42430851998890506, 0.4591351087310006]",0.43629813767844616,0.025050529755256564,0.4689181177502837,0.4516894966639753,0.01979587358058284,0.02093029662503808,0.09779858092541029,0.10250000135593944,0.10915064811706543,0.18474268913269043,"{'train': (2176, 8), 'test': (544, 8)}"
2025-09-21T04:03:29.871492,RandomForest,49,"{'bootstrap': True, 'ccp_alpha': 0.0, 'criterion': 'squared_error', 'max_depth': 12, 'max_features': 'log2', 'max_leaf_nodes': None, 'max_samples': None, 'min_impurity_decrease': 0.0, 'min_samples_leaf': 1, 'min_samples_split': 5, 'min_weight_fraction_leaf': 0.0, 'n_estimators': 150, 'n_jobs': None, 'oob_score': False, 'random_state': 42, 'verbose': 0, 'warm_start': False}","[0.5252338527847074, 0.48553500374621217, 0.572688233301397, 0.5264224359520983, 0.5155363059836987]",0.5250831663536227,0.02801163492945384,0.6283602524177201,0.5643219417339678,0.013852729130005001,0.016630852294544324,0.07757676340128622,0.08765511998606669,0.4562675952911377,0.8035519123077393,"{'train': (2176, 8), 'test': (544, 8)}"
2025-09-21T04:03:30.749893,RandomForest,50,"{'bootstrap': True, 'ccp_alpha': 0.0, 'criterion': 'squared_error', 'max_depth': 8, 'max_features': 'log2', 'max_leaf_nodes': None, 'max_samples': None, 'min_impurity_decrease': 0.0, 'min_samples_leaf': 1, 'min_samples_split': 2, 'min_weight_fraction_leaf': 0.0, 'n_estimators': 200, 'n_jobs': None, 'oob_score': False, 'random_state': 42, 'verbose': 0, 'warm_start': False}","[0.49890700319238723, 0.5005991190150771, 0.5523029796101375, 0.5116653926522996, 0.521145423776615]",0.5169239836493034,0.01943326777116846,0.5908879261728255,0.535093194005049,0.015249495726470238,0.017746582079442803,0.08427981897662586,0.0927492980287175,0.4938492774963379,0.8764762878417969,"{'train': (2176, 8), 'test': (544, 8)}"
2025-09-21T04:03:30.876806,XGBoost,1,"{'objective': 'reg:squarederror', 'base_score': None, 'booster': None, 'callbacks': None, 'colsample_bylevel': None, 'colsample_bynode': None, 'colsample_bytree': 0.7, 'device': None, 'early_stopping_rounds': None, 'enable_categorical': False, 'eval_metric': None, 'feature_types': None, 'feature_weights': None, 'gamma': None, 'grow_policy': None, 'importance_type': None, 'interaction_constraints': None, 'learning_rate': 0.03, 'max_bin': None, 'max_cat_threshold': None, 'max_cat_to_onehot': None, 'max_delta_step': None, 'max_depth': 5, 'max_leaves': None, 'min_child_weight': None, 'missing': nan, 'monotone_constraints': None, 'multi_strategy': None, 'n_estimators': 50, 'n_jobs': None, 'num_parallel_tree': None, 'random_state': 42, 'reg_alpha': None, 'reg_lambda': None, 'sampling_method': None, 'scale_pos_weight': None, 'subsample': 0.7, 'tree_method': None, 'validate_parameters': None, 'verbosity': None}","[0.4018607620157105, 0.45881151185548974, 0.468118066926519, 0.42462753803445474, 0.4506249083529188]",0.4408085574370185,0.024269456437015526,0.47373270617591823,0.4567140904979784,0.019616411642599453,0.020738496105576626,0.09868564592348653,0.10173300096019249,0.08112382888793945,0.11496400833129883,"{'train': (2176, 8), 'test': (544, 8)}"
2025-09-21T04:03:31.042991,XGBoost,2,"{'objective': 'reg:squarederror', 'base_score': None, 'booster': None, 'callbacks': None, 'colsample_bylevel': None, 'colsample_bynode': None, 'colsample_bytree': 0.6, 'device': None, 'early_stopping_rounds': None, 'enable_categorical': False, 'eval_metric': None, 'feature_types': None, 'feature_weights': None, 'gamma': None, 'grow_policy': None, 'importance_type': None, 'interaction_constraints': None, 'learning_rate': 0.01, 'max_bin': None, 'max_cat_threshold': None, 'max_cat_to_onehot': None, 'max_delta_step': None, 'max_depth': 3, 'max_leaves': None, 'min_child_weight': None, 'missing': nan, 'monotone_constraints': None, 'multi_strategy': None, 'n_estimators': 150, 'n_jobs': None, 'num_parallel_tree': None, 'random_state': 42, 'reg_alpha': None, 'reg_lambda': None, 'sampling_method': None, 'scale_pos_weight': None, 'subsample': 0.6, 'tree_method': None, 'validate_parameters': None, 'verbosity': None}","[0.32128159982829496, 0.36897255388280426, 0.36148955136563254, 0.34175933526808544, 0.36754183106849214]",0.35220897428266185,0.01826439517418322,0.3702994526048765,0.3626519332758532,0.023471846520262903,0.0243290690380151,0.10893046160403108,0.11030625334433355,0.11761999130249023,0.16518759727478027,"{'train': (2176, 8), 'test': (544, 8)}"
2025-09-21T04:03:31.115747,XGBoost,3,"{'objective': 'reg:squarederror', 'base_score': None, 'booster': None, 'callbacks': None, 'colsample_bylevel': None, 'colsample_bynode': None, 'colsample_bytree': 0.6, 'device': None, 'early_stopping_rounds': None, 'enable_categorical': False, 'eval_metric': None, 'feature_types': None, 'feature_weights': None, 'gamma': None, 'grow_policy': None, 'importance_type': None, 'interaction_constraints': None, 'learning_rate': 0.05, 'max_bin': None, 'max_cat_threshold': None, 'max_cat_to_onehot': None, 'max_delta_step': None, 'max_depth': 4, 'max_leaves': None, 'min_child_weight': None, 'missing': nan, 'monotone_constraints': None, 'multi_strategy': None, 'n_estimators': 50, 'n_jobs': None, 'num_parallel_tree': None, 'random_state': 42, 'reg_alpha': None, 'reg_lambda': None, 'sampling_method': None, 'scale_pos_weight': None, 'subsample': 0.6, 'tree_method': None, 'validate_parameters': None, 'verbosity': None}","[0.4132538259054519, 0.4710488263176511, 0.4663876514104477, 0.42374767779294664, 0.46375973218793276]",0.44763954272288603,0.024135224784737373,0.4845036344424092,0.4657392249540373,0.019214929420299266,0.020393985577149998,0.09656642150421549,0.10023766582875118,0.042856693267822266,0.07175993919372559,"{'train': (2176, 8), 'test': (544, 8)}"
2025-09-21T04:03:31.311679,XGBoost,4,"{'objective': 'reg:squarederror', 'base_score': None, 'booster': None, 'callbacks': None, 'colsample_bylevel': None, 'colsample_bynode': None, 'colsample_bytree': 0.7, 'device': None, 'early_stopping_rounds': None, 'enable_categorical': False, 'eval_metric': None, 'feature_types': None, 'feature_weights': None, 'gamma': None, 'grow_policy': None, 'importance_type': None, 'interaction_constraints': None, 'learning_rate': 0.05, 'max_bin': None, 'max_cat_threshold': None, 'max_cat_to_onehot': None, 'max_delta_step': None, 'max_depth': 6, 'max_leaves': None, 'min_child_weight': None, 'missing': nan, 'monotone_constraints': None, 'multi_strategy': None, 'n_estimators': 150, 'n_jobs': None, 'num_parallel_tree': None, 'random_state': 42, 'reg_alpha': None, 'reg_lambda': None, 'sampling_method': None, 'scale_pos_weight': None, 'subsample': 0.6, 'tree_method': None, 'validate_parameters': None, 'verbosity': None}","[0.531763841515609, 0.5249551646865733, 0.5804447190310902, 0.54753692587412, 0.5366207228591211]",0.5442642747933026,0.01953080255265936,0.6175792344782141,0.5616430166836941,0.014254587440999134,0.016733113140538207,0.07963034379110244,0.08824263545058952,0.12118268013000488,0.1939387321472168,"{'train': (2176, 8), 'test': (544, 8)}"
2025-09-21T04:03:31.465165,XGBoost,5,"{'objective': 'reg:squarederror', 'base_score': None, 'booster': None, 'callbacks': None, 'colsample_bylevel': None, 'colsample_bynode': None, 'colsample_bytree': 0.7, 'device': None, 'early_stopping_rounds': None, 'enable_categorical': False, 'eval_metric': None, 'feature_types': None, 'feature_weights': None, 'gamma': None, 'grow_policy': None, 'importance_type': None, 'interaction_constraints': None, 'learning_rate': 0.01, 'max_bin': None, 'max_cat_threshold': None, 'max_cat_to_onehot': None, 'max_delta_step': None, 'max_depth': 5, 'max_leaves': None, 'min_child_weight': None, 'missing': nan, 'monotone_constraints': None, 'multi_strategy': None, 'n_estimators': 100, 'n_jobs': None, 'num_parallel_tree': None, 'random_state': 42, 'reg_alpha': None, 'reg_lambda': None, 'sampling_method': None, 'scale_pos_weight': None, 'subsample': 0.7, 'tree_method': None, 'validate_parameters': None, 'verbosity': None}","[0.3397010405671237, 0.3919701123339904, 0.39906726504372847, 0.35715631814111326, 0.384795617321285]",0.3745380706814482,0.02247896218185665,0.4019922626495702,0.38770737178840586,0.02229050917469105,0.02337264424413012,0.10678932649057635,0.10866028845354182,0.1036529541015625,0.15248918533325195,"{'train': (2176, 8), 'test': (544, 8)}"
2025-09-21T04:03:31.700458,XGBoost,6,"{'objective': 'reg:squarederror', 'base_score': None, 'booster': None, 'callbacks': None, 'colsample_bylevel': None, 'colsample_bynode': None, 'colsample_bytree': 0.6, 'device': None, 'early_stopping_rounds': None, 'enable_categorical': False, 'eval_metric': None, 'feature_types': None, 'feature_weights': None, 'gamma': None, 'grow_policy': None, 'importance_type': None, 'interaction_constraints': None, 'learning_rate': 0.03, 'max_bin': None, 'max_cat_threshold': None, 'max_cat_to_onehot': None, 'max_delta_step': None, 'max_depth': 4, 'max_leaves': None, 'min_child_weight': None, 'missing': nan, 'monotone_constraints': None, 'multi_strategy': None, 'n_estimators': 200, 'n_jobs': None, 'num_parallel_tree': None, 'random_state': 42, 'reg_alpha': None, 'reg_lambda': None, 'sampling_method': None, 'scale_pos_weight': None, 'subsample': 0.6, 'tree_method': None, 'validate_parameters': None, 'verbosity': None}","[0.4794890588112304, 0.5224523085546644, 0.5338760687179884, 0.4966825789710586, 0.5152899230010229]",0.509557987611193,0.019289397561618037,0.5534894749764574,0.5178034934403546,0.01664350865882027,0.018406570460433872,0.08845426007196379,0.09430243536768729,0.13159847259521484,0.20686984062194824,"{'train': (2176, 8), 'test': (544, 8)}"
2025-09-21T04:03:31.916273,XGBoost,7,"{'objective': 'reg:squarederror', 'base_score': None, 'booster': None, 'callbacks': None, 'colsample_bylevel': None, 'colsample_bynode': None, 'colsample_bytree': 0.6, 'device': None, 'early_stopping_rounds': None, 'enable_categorical': False, 'eval_metric': None, 'feature_types': None, 'feature_weights': None, 'gamma': None, 'grow_policy': None, 'importance_type': None, 'interaction_constraints': None, 'learning_rate': 0.01, 'max_bin': None, 'max_cat_threshold': None, 'max_cat_to_onehot': None, 'max_delta_step': None, 'max_depth': 4, 'max_leaves': None, 'min_child_weight': None, 'missing': nan, 'monotone_constraints': None, 'multi_strategy': None, 'n_estimators': 200, 'n_jobs': None, 'num_parallel_tree': None, 'random_state': 42, 'reg_alpha': None, 'reg_lambda': None, 'sampling_method': None, 'scale_pos_weight': None, 'subsample': 0.7, 'tree_method': None, 'validate_parameters': None, 'verbosity': None}","[0.3855475182819683, 0.44568538235205435, 0.44015904397648653, 0.4047716486389943, 0.4418437123018799]",0.42360146111027674,0.02407196401960512,0.4521251996518759,0.4359021855543411,0.02042182316545091,0.021532935280372943,0.10032693644026784,0.10333816571293937,0.14604806900024414,0.2138206958770752,"{'train': (2176, 8), 'test': (544, 8)}"
2025-09-21T04:03:32.085813,XGBoost,8,"{'objective': 'reg:squarederror', 'base_score': None, 'booster': None, 'callbacks': None, 'colsample_bylevel': None, 'colsample_bynode': None, 'colsample_bytree': 0.6, 'device': None, 'early_stopping_rounds': None, 'enable_categorical': False, 'eval_metric': None, 'feature_types': None, 'feature_weights': None, 'gamma': None, 'grow_policy': None, 'importance_type': None, 'interaction_constraints': None, 'learning_rate': 0.05, 'max_bin': None, 'max_cat_threshold': None, 'max_cat_to_onehot': None, 'max_delta_step': None, 'max_depth': 6, 'max_leaves': None, 'min_child_weight': None, 'missing': nan, 'monotone_constraints': None, 'multi_strategy': None, 'n_estimators': 100, 'n_jobs': None, 'num_parallel_tree': None, 'random_state': 42, 'reg_alpha': None, 'reg_lambda': None, 'sampling_method': None, 'scale_pos_weight': None, 'subsample': 0.6, 'tree_method': None, 'validate_parameters': None, 'verbosity': None}","[0.503309757321965, 0.5294282599030697, 0.571663325647915, 0.5241335477425336, 0.5330758289336082]",0.5323221439098182,0.022205597803362426,0.5894241668301317,0.5438104255827194,0.01530405679486447,0.0174138249253126,0.08360069095129892,0.09054296418797386,0.11372661590576172,0.16754651069641113,"{'train': (2176, 8), 'test': (544, 8)}"
2025-09-21T04:03:32.250262,XGBoost,9,"{'objective': 'reg:squarederror', 'base_score': None, 'booster': None, 'callbacks': None, 'colsample_bylevel': None, 'colsample_bynode': None, 'colsample_bytree': 0.7, 'device': None, 'early_stopping_rounds': None, 'enable_categorical': False, 'eval_metric': None, 'feature_types': None, 'feature_weights': None, 'gamma': None, 'grow_policy': None, 'importance_type': None, 'interaction_constraints': None, 'learning_rate': 0.01, 'max_bin': None, 'max_cat_threshold': None, 'max_cat_to_onehot': None, 'max_delta_step': None, 'max_depth': 3, 'max_leaves': None, 'min_child_weight': None, 'missing': nan, 'monotone_constraints': None, 'multi_strategy': None, 'n_estimators': 200, 'n_jobs': None, 'num_parallel_tree': None, 'random_state': 42, 'reg_alpha': None, 'reg_lambda': None, 'sampling_method': None, 'scale_pos_weight': None, 'subsample': 0.7, 'tree_method': None, 'validate_parameters': None, 'verbosity': None}","[0.3647972909835926, 0.41446083700181446, 0.40028930991671696, 0.3848333499625074, 0.41091399648642335]",0.3950589568702109,0.01830575475487458,0.4192511409855182,0.4106829003958907,0.02164719110058579,0.022495614484630867,0.10348523066864591,0.10578318615619031,0.10465168952941895,0.16245627403259277,"{'train': (2176, 8), 'test': (544, 8)}"
2025-09-21T04:03:32.356414,XGBoost,10,"{'objective': 'reg:squarederror', 'base_score': None, 'booster': None, 'callbacks': None, 'colsample_bylevel': None, 'colsample_bynode': None, 'colsample_bytree': 0.7, 'device': None, 'early_stopping_rounds': None, 'enable_categorical': False, 'eval_metric': None, 'feature_types': None, 'feature_weights': None, 'gamma': None, 'grow_policy': None, 'importance_type': None, 'interaction_constraints': None, 'learning_rate': 0.01, 'max_bin': None, 'max_cat_threshold': None, 'max_cat_to_onehot': None, 'max_delta_step': None, 'max_depth': 3, 'max_leaves': None, 'min_child_weight': None, 'missing': nan, 'monotone_constraints': None, 'multi_strategy': None, 'n_estimators': 100, 'n_jobs': None, 'num_parallel_tree': None, 'random_state': 42, 'reg_alpha': None, 'reg_lambda': None, 'sampling_method': None, 'scale_pos_weight': None, 'subsample': 0.6, 'tree_method': None, 'validate_parameters': None, 'verbosity': None}","[0.2866909725356478, 0.3219259477286326, 0.31871353349615517, 0.3042360332232278, 0.3193343939810376]",0.3101801761929402,0.01327898010573909,0.3280534208843997,0.32100242178234184,0.02504655115842004,0.025918928478137652,0.11367706290898368,0.11497298488669518,0.06329512596130371,0.10415816307067871,"{'train': (2176, 8), 'test': (544, 8)}"
2025-09-21T04:03:32.631525,XGBoost,11,"{'objective': 'reg:squarederror', 'base_score': None, 'booster': None, 'callbacks': None, 'colsample_bylevel': None, 'colsample_bynode': None, 'colsample_bytree': 0.6, 'device': None, 'early_stopping_rounds': None, 'enable_categorical': False, 'eval_metric': None, 'feature_types': None, 'feature_weights': None, 'gamma': None, 'grow_policy': None, 'importance_type': None, 'interaction_constraints': None, 'learning_rate': 0.01, 'max_bin': None, 'max_cat_threshold': None, 'max_cat_to_onehot': None, 'max_delta_step': None, 'max_depth': 6, 'max_leaves': None, 'min_child_weight': None, 'missing': nan, 'monotone_constraints': None, 'multi_strategy': None, 'n_estimators': 200, 'n_jobs': None, 'num_parallel_tree': None, 'random_state': 42, 'reg_alpha': None, 'reg_lambda': None, 'sampling_method': None, 'scale_pos_weight': None, 'subsample': 0.6, 'tree_method': None, 'validate_parameters': None, 'verbosity': None}","[0.4308803949542116, 0.4848658628123653, 0.5042940761022214, 0.4558623471208776, 0.48477872579997483]",0.4721362813579302,0.025779396838559645,0.5134065875174798,0.485541347268983,0.018137582923830792,0.01963809217125056,0.09349366921225377,0.09790764649949209,0.1589958667755127,0.25517702102661133,"{'train': (2176, 8), 'test': (544, 8)}"
2025-09-21T04:03:32.708268,XGBoost,12,"{'objective': 'reg:squarederror', 'base_score': None, 'booster': None, 'callbacks': None, 'colsample_bylevel': None, 'colsample_bynode': None, 'colsample_bytree': 0.7, 'device': None, 'early_stopping_rounds': None, 'enable_categorical': False, 'eval_metric': None, 'feature_types': None, 'feature_weights': None, 'gamma': None, 'grow_policy': None, 'importance_type': None, 'interaction_constraints': None, 'learning_rate': 0.03, 'max_bin': None, 'max_cat_threshold': None, 'max_cat_to_onehot': None, 'max_delta_step': None, 'max_depth': 4, 'max_leaves': None, 'min_child_weight': None, 'missing': nan, 'monotone_constraints': None, 'multi_strategy': None, 'n_estimators': 50, 'n_jobs': None, 'num_parallel_tree': None, 'random_state': 42, 'reg_alpha': None, 'reg_lambda': None, 'sampling_method': None, 'scale_pos_weight': None, 'subsample': 0.6, 'tree_method': None, 'validate_parameters': None, 'verbosity': None}","[0.37173456619752987, 0.423047969247602, 0.4168765988143809, 0.3913450380844423, 0.4185604543245278]",0.4043129253336966,0.01970459554441156,0.43233781721420295,0.4188782941240049,0.021159390260693363,0.022182777103904483,0.102893175185555,0.10537514041226205,0.04584670066833496,0.07574653625488281,"{'train': (2176, 8), 'test': (544, 8)}"
2025-09-21T04:03:32.782527,XGBoost,13,"{'objective': 'reg:squarederror', 'base_score': None, 'booster': None, 'callbacks': None, 'colsample_bylevel': None, 'colsample_bynode': None, 'colsample_bytree': 0.7, 'device': None, 'early_stopping_rounds': None, 'enable_categorical': False, 'eval_metric': None, 'feature_types': None, 'feature_weights': None, 'gamma': None, 'grow_policy': None, 'importance_type': None, 'interaction_constraints': None, 'learning_rate': 0.05, 'max_bin': None, 'max_cat_threshold': None, 'max_cat_to_onehot': None, 'max_delta_step': None, 'max_depth': 3, 'max_leaves': None, 'min_child_weight': None, 'missing': nan, 'monotone_constraints': None, 'multi_strategy': None, 'n_estimators': 50, 'n_jobs': None, 'num_parallel_tree': None, 'random_state': 42, 'reg_alpha': None, 'reg_lambda': None, 'sampling_method': None, 'scale_pos_weight': None, 'subsample': 0.7, 'tree_method': None, 'validate_parameters': None, 'verbosity': None}","[0.39167527595056917, 0.4376020120480656, 0.42325020268499935, 0.41047161537182764, 0.43183926857143495]",0.41896767492537934,0.01642141624063366,0.4484957488707788,0.4372127176882329,0.02055710955203444,0.02148290919819485,0.10027856429070167,0.10389041967029589,0.04683685302734375,0.07374691963195801,"{'train': (2176, 8), 'test': (544, 8)}"
2025-09-21T04:03:33.061053,XGBoost,14,"{'objective': 'reg:squarederror', 'base_score': None, 'booster': None, 'callbacks': None, 'colsample_bylevel': None, 'colsample_bynode': None, 'colsample_bytree': 0.7, 'device': None, 'early_stopping_rounds': None, 'enable_categorical': False, 'eval_metric': None, 'feature_types': None, 'feature_weights': None, 'gamma': None, 'grow_policy': None, 'importance_type': None, 'interaction_constraints': None, 'learning_rate': 0.01, 'max_bin': None, 'max_cat_threshold': None, 'max_cat_to_onehot': None, 'max_delta_step': None, 'max_depth': 5, 'max_leaves': None, 'min_child_weight': None, 'missing': nan, 'monotone_constraints': None, 'multi_strategy': None, 'n_estimators': 200, 'n_jobs': None, 'num_parallel_tree': None, 'random_state': 42, 'reg_alpha': None, 'reg_lambda': None, 'sampling_method': None, 'scale_pos_weight': None, 'subsample': 0.6, 'tree_method': None, 'validate_parameters': None, 'verbosity': None}","[0.42976879918344923, 0.48322795019052744, 0.4940932197058, 0.45072176284193943, 0.4807493715043045]",0.4677122206852041,0.02381193467936027,0.5064734072999648,0.48352292454441614,0.018396014558734106,0.019715140095889736,0.09459075661198153,0.09855150051341308,0.1396331787109375,0.2775297164916992,"{'train': (2176, 8), 'test': (544, 8)}"
2025-09-21T04:03:33.193716,XGBoost,15,"{'objective': 'reg:squarederror', 'base_score': None, 'booster': None, 'callbacks': None, 'colsample_bylevel': None, 'colsample_bynode': None, 'colsample_bytree': 0.6, 'device': None, 'early_stopping_rounds': None, 'enable_categorical': False, 'eval_metric': None, 'feature_types': None, 'feature_weights': None, 'gamma': None, 'grow_policy': None, 'importance_type': None, 'interaction_constraints': None, 'learning_rate': 0.05, 'max_bin': None, 'max_cat_threshold': None, 'max_cat_to_onehot': None, 'max_delta_step': None, 'max_depth': 3, 'max_leaves': None, 'min_child_weight': None, 'missing': nan, 'monotone_constraints': None, 'multi_strategy': None, 'n_estimators': 100, 'n_jobs': None, 'num_parallel_tree': None, 'random_state': 42, 'reg_alpha': None, 'reg_lambda': None, 'sampling_method': None, 'scale_pos_weight': None, 'subsample': 0.7, 'tree_method': None, 'validate_parameters': None, 'verbosity': None}","[0.433783708205003, 0.4796664025456526, 0.46306992527843416, 0.4461415596304684, 0.47513454751016515]",0.4595592286339446,0.017341426046383182,0.49698772243365874,0.4804916327697507,0.018749589825966344,0.019830851605362507,0.09499292534013536,0.09907275310742251,0.07983970642089844,0.1316661834716797,"{'train': (2176, 8), 'test': (544, 8)}"
2025-09-21T04:03:33.376678,XGBoost,16,"{'objective': 'reg:squarederror', 'base_score': None, 'booster': None, 'callbacks': None, 'colsample_bylevel': None, 'colsample_bynode': None, 'colsample_bytree': 0.6, 'device': None, 'early_stopping_rounds': None, 'enable_categorical': False, 'eval_metric': None, 'feature_types': None, 'feature_weights': None, 'gamma': None, 'grow_policy': None, 'importance_type': None, 'interaction_constraints': None, 'learning_rate': 0.01, 'max_bin': None, 'max_cat_threshold': None, 'max_cat_to_onehot': None, 'max_delta_step': None, 'max_depth': 5, 'max_leaves': None, 'min_child_weight': None, 'missing': nan, 'monotone_constraints': None, 'multi_strategy': None, 'n_estimators': 100, 'n_jobs': None, 'num_parallel_tree': None, 'random_state': 42, 'reg_alpha': None, 'reg_lambda': None, 'sampling_method': None, 'scale_pos_weight': None, 'subsample': 0.7, 'tree_method': None, 'validate_parameters': None, 'verbosity': None}","[0.3191058759045021, 0.3754436138339098, 0.3822130072809181, 0.34089388240399465, 0.36994370538035737]",0.35752001696073643,0.023821929867916196,0.381293012832399,0.3662642136547394,0.02306206577695705,0.024191179832240475,0.10875443727658339,0.11067855789866032,0.09670114517211914,0.14702677726745605,"{'train': (2176, 8), 'test': (544, 8)}"
2025-09-21T04:03:33.659008,XGBoost,17,"{'objective': 'reg:squarederror', 'base_score': None, 'booster': None, 'callbacks': None, 'colsample_bylevel': None, 'colsample_bynode': None, 'colsample_bytree': 0.7, 'device': None, 'early_stopping_rounds': None, 'enable_categorical': False, 'eval_metric': None, 'feature_types': None, 'feature_weights': None, 'gamma': None, 'grow_policy': None, 'importance_type': None, 'interaction_constraints': None, 'learning_rate': 0.05, 'max_bin': None, 'max_cat_threshold': None, 'max_cat_to_onehot': None, 'max_delta_step': None, 'max_depth': 6, 'max_leaves': None, 'min_child_weight': None, 'missing': nan, 'monotone_constraints': None, 'multi_strategy': None, 'n_estimators': 200, 'n_jobs': None, 'num_parallel_tree': None, 'random_state': 42, 'reg_alpha': None, 'reg_lambda': None, 'sampling_method': None, 'scale_pos_weight': None, 'subsample': 0.6, 'tree_method': None, 'validate_parameters': None, 'verbosity': None}","[0.5392014525986053, 0.516389891713013, 0.5837149035627868, 0.554990426528177, 0.5286771595362381]",0.544594766787764,0.02330848720648363,0.6247983807505746,0.5616114059483464,0.013985496531021173,0.0167343197963716,0.07826001036659894,0.08787287250953717,0.18565821647644043,0.28034138679504395,"{'train': (2176, 8), 'test': (544, 8)}"
2025-09-21T04:03:33.777119,XGBoost,18,"{'objective': 'reg:squarederror', 'base_score': None, 'booster': None, 'callbacks': None, 'colsample_bylevel': None, 'colsample_bynode': None, 'colsample_bytree': 0.7, 'device': None, 'early_stopping_rounds': None, 'enable_categorical': False, 'eval_metric': None, 'feature_types': None, 'feature_weights': None, 'gamma': None, 'grow_policy': None, 'importance_type': None, 'interaction_constraints': None, 'learning_rate': 0.05, 'max_bin': None, 'max_cat_threshold': None, 'max_cat_to_onehot': None, 'max_delta_step': None, 'max_depth': 3, 'max_leaves': None, 'min_child_weight': None, 'missing': nan, 'monotone_constraints': None, 'multi_strategy': None, 'n_estimators': 100, 'n_jobs': None, 'num_parallel_tree': None, 'random_state': 42, 'reg_alpha': None, 'reg_lambda': None, 'sampling_method': None, 'scale_pos_weight': None, 'subsample': 0.7, 'tree_method': None, 'validate_parameters': None, 'verbosity': None}","[0.44302533867808613, 0.48645662180044336, 0.47725161805548755, 0.4547415368499014, 0.48321548370009515]",0.46893811981680267,0.017046234061812708,0.5045684533628314,0.4833936072689412,0.0184670209865124,0.019720076439289993,0.09422371302152881,0.09911171878395308,0.07824468612670898,0.11611771583557129,"{'train': (2176, 8), 'test': (544, 8)}"
2025-09-21T04:03:33.866819,XGBoost,19,"{'objective': 'reg:squarederror', 'base_score': None, 'booster': None, 'callbacks': None, 'colsample_bylevel': None, 'colsample_bynode': None, 'colsample_bytree': 0.7, 'device': None, 'early_stopping_rounds': None, 'enable_categorical': False, 'eval_metric': None, 'feature_types': None, 'feature_weights': None, 'gamma': None, 'grow_policy': None, 'importance_type': None, 'interaction_constraints': None, 'learning_rate': 0.01, 'max_bin': None, 'max_cat_threshold': None, 'max_cat_to_onehot': None, 'max_delta_step': None, 'max_depth': 5, 'max_leaves': None, 'min_child_weight': None, 'missing': nan, 'monotone_constraints': None, 'multi_strategy': None, 'n_estimators': 50, 'n_jobs': None, 'num_parallel_tree': None, 'random_state': 42, 'reg_alpha': None, 'reg_lambda': None, 'sampling_method': None, 'scale_pos_weight': None, 'subsample': 0.6, 'tree_method': None, 'validate_parameters': None, 'verbosity': None}","[0.22862563623224796, 0.26495501382704156, 0.27494595071629424, 0.24640413028125463, 0.26410124950617686]",0.25580639611260303,0.01640744135915384,0.2759993819891168,0.265828427216382,0.026986845504302547,0.028025049125522134,0.11987149044143847,0.1211567423139566,0.055812835693359375,0.0877065658569336,"{'train': (2176, 8), 'test': (544, 8)}"
2025-09-21T04:03:34.021302,XGBoost,20,"{'objective': 'reg:squarederror', 'base_score': None, 'booster': None, 'callbacks': None, 'colsample_bylevel': None, 'colsample_bynode': None, 'colsample_bytree': 0.7, 'device': None, 'early_stopping_rounds': None, 'enable_categorical': False, 'eval_metric': None, 'feature_types': None, 'feature_weights': None, 'gamma': None, 'grow_policy': None, 'importance_type': None, 'interaction_constraints': None, 'learning_rate': 0.01, 'max_bin': None, 'max_cat_threshold': None, 'max_cat_to_onehot': None, 'max_delta_step': None, 'max_depth': 3, 'max_leaves': None, 'min_child_weight': None, 'missing': nan, 'monotone_constraints': None, 'multi_strategy': None, 'n_estimators': 150, 'n_jobs': None, 'num_parallel_tree': None, 'random_state': 42, 'reg_alpha': None, 'reg_lambda': None, 'sampling_method': None, 'scale_pos_weight': None, 'subsample': 0.6, 'tree_method': None, 'validate_parameters': None, 'verbosity': None}","[0.33429496701199923, 0.3784258949916094, 0.3658278961301067, 0.35342245797882144, 0.3755413558422327]",0.36150251439095393,0.016172425627836343,0.3833002033153251,0.3764983013424755,0.022987248521124798,0.023800520726336573,0.10750692617080414,0.10897088408175236,0.08072948455810547,0.15348601341247559,"{'train': (2176, 8), 'test': (544, 8)}"
2025-09-21T04:03:34.236539,XGBoost,21,"{'objective': 'reg:squarederror', 'base_score': None, 'booster': None, 'callbacks': None, 'colsample_bylevel': None, 'colsample_bynode': None, 'colsample_bytree': 0.7, 'device': None, 'early_stopping_rounds': None, 'enable_categorical': False, 'eval_metric': None, 'feature_types': None, 'feature_weights': None, 'gamma': None, 'grow_policy': None, 'importance_type': None, 'interaction_constraints': None, 'learning_rate': 0.05, 'max_bin': None, 'max_cat_threshold': None, 'max_cat_to_onehot': None, 'max_delta_step': None, 'max_depth': 4, 'max_leaves': None, 'min_child_weight': None, 'missing': nan, 'monotone_constraints': None, 'multi_strategy': None, 'n_estimators': 100, 'n_jobs': None, 'num_parallel_tree': None, 'random_state': 42, 'reg_alpha': None, 'reg_lambda': None, 'sampling_method': None, 'scale_pos_weight': None, 'subsample': 0.7, 'tree_method': None, 'validate_parameters': None, 'verbosity': None}","[0.47164115103184623, 0.524700013602329, 0.5279747812250476, 0.500804538503638, 0.513124731512081]",0.5076490431749884,0.02038268835726503,0.5534256125950261,0.5222426699329654,0.016645889104607674,0.018237116692548818,0.0888215276599729,0.09464475173228434,0.1161186695098877,0.1853954792022705,"{'train': (2176, 8), 'test': (544, 8)}"
2025-09-21T04:03:34.432192,XGBoost,22,"{'objective': 'reg:squarederror', 'base_score': None, 'booster': None, 'callbacks': None, 'colsample_bylevel': None, 'colsample_bynode': None, 'colsample_bytree': 0.6, 'device': None, 'early_stopping_rounds': None, 'enable_categorical': False, 'eval_metric': None, 'feature_types': None, 'feature_weights': None, 'gamma': None, 'grow_policy': None, 'importance_type': None, 'interaction_constraints': None, 'learning_rate': 0.05, 'max_bin': None, 'max_cat_threshold': None, 'max_cat_to_onehot': None, 'max_delta_step': None, 'max_depth': 4, 'max_leaves': None, 'min_child_weight': None, 'missing': nan, 'monotone_constraints': None, 'multi_strategy': None, 'n_estimators': 150, 'n_jobs': None, 'num_parallel_tree': None, 'random_state': 42, 'reg_alpha': None, 'reg_lambda': None, 'sampling_method': None, 'scale_pos_weight': None, 'subsample': 0.6, 'tree_method': None, 'validate_parameters': None, 'verbosity': None}","[0.48882991983971447, 0.5294527932083026, 0.5448354466179539, 0.5094063111100973, 0.5229131058197256]",0.5190875153191588,0.018943483806839308,0.5681306070724703,0.5299715696307374,0.01609776607234468,0.017942086481974137,0.08651938559154075,0.09258830743218414,0.1258857250213623,0.19266200065612793,"{'train': (2176, 8), 'test': (544, 8)}"
2025-09-21T04:03:34.614089,XGBoost,23,"{'objective': 'reg:squarederror', 'base_score': None, 'booster': None, 'callbacks': None, 'colsample_bylevel': None, 'colsample_bynode': None, 'colsample_bytree': 0.6, 'device': None, 'early_stopping_rounds': None, 'enable_categorical': False, 'eval_metric': None, 'feature_types': None, 'feature_weights': None, 'gamma': None, 'grow_policy': None, 'importance_type': None, 'interaction_constraints': None, 'learning_rate': 0.03, 'max_bin': None, 'max_cat_threshold': None, 'max_cat_to_onehot': None, 'max_delta_step': None, 'max_depth': 4, 'max_leaves': None, 'min_child_weight': None, 'missing': nan, 'monotone_constraints': None, 'multi_strategy': None, 'n_estimators': 200, 'n_jobs': None, 'num_parallel_tree': None, 'random_state': 42, 'reg_alpha': None, 'reg_lambda': None, 'sampling_method': None, 'scale_pos_weight': None, 'subsample': 0.7, 'tree_method': None, 'validate_parameters': None, 'verbosity': None}","[0.4766928325299151, 0.524724883313512, 0.5382224030352174, 0.4980604787359394, 0.5157371579361893]",0.5106875511101547,0.02142800570801414,0.5560158646585375,0.5225428026439012,0.01654933845186482,0.018225659923749856,0.0883129953599704,0.0941184477526664,0.11213207244873047,0.17990422248840332,"{'train': (2176, 8), 'test': (544, 8)}"
2025-09-21T04:03:34.780559,XGBoost,24,"{'objective': 'reg:squarederror', 'base_score': None, 'booster': None, 'callbacks': None, 'colsample_bylevel': None, 'colsample_bynode': None, 'colsample_bytree': 0.7, 'device': None, 'early_stopping_rounds': None, 'enable_categorical': False, 'eval_metric': None, 'feature_types': None, 'feature_weights': None, 'gamma': None, 'grow_policy': None, 'importance_type': None, 'interaction_constraints': None, 'learning_rate': 0.05, 'max_bin': None, 'max_cat_threshold': None, 'max_cat_to_onehot': None, 'max_delta_step': None, 'max_depth': 6, 'max_leaves': None, 'min_child_weight': None, 'missing': nan, 'monotone_constraints': None, 'multi_strategy': None, 'n_estimators': 100, 'n_jobs': None, 'num_parallel_tree': None, 'random_state': 42, 'reg_alpha': None, 'reg_lambda': None, 'sampling_method': None, 'scale_pos_weight': None, 'subsample': 0.6, 'tree_method': None, 'validate_parameters': None, 'verbosity': None}","[0.5180765963485032, 0.5298433660932962, 0.5784552474375715, 0.5361644067479127, 0.5352703847788632]",0.5395620002812294,0.020487658296805746,0.6030067697560679,0.5547564698041061,0.014797770477436193,0.016995988770377588,0.08198450486930703,0.08948613504439816,0.11167669296264648,0.16547203063964844,"{'train': (2176, 8), 'test': (544, 8)}"
2025-09-21T04:03:34.887710,XGBoost,25,"{'objective': 'reg:squarederror', 'base_score': None, 'booster': None, 'callbacks': None, 'colsample_bylevel': None, 'colsample_bynode': None, 'colsample_bytree': 0.7, 'device': None, 'early_stopping_rounds': None, 'enable_categorical': False, 'eval_metric': None, 'feature_types': None, 'feature_weights': None, 'gamma': None, 'grow_policy': None, 'importance_type': None, 'interaction_constraints': None, 'learning_rate': 0.03, 'max_bin': None, 'max_cat_threshold': None, 'max_cat_to_onehot': None, 'max_delta_step': None, 'max_depth': 6, 'max_leaves': None, 'min_child_weight': None, 'missing': nan, 'monotone_constraints': None, 'multi_strategy': None, 'n_estimators': 50, 'n_jobs': None, 'num_parallel_tree': None, 'random_state': 42, 'reg_alpha': None, 'reg_lambda': None, 'sampling_method': None, 'scale_pos_weight': None, 'subsample': 0.6, 'tree_method': None, 'validate_parameters': None, 'verbosity': None}","[0.41749407172364905, 0.4691763913109577, 0.4904375161932494, 0.4433983837224076, 0.4676181568174317]",0.45762490395353905,0.024991386749495352,0.5006027794053004,0.4745795081967502,0.018614839963112667,0.02005653125265032,0.09553212942700637,0.09919994864496505,0.06378674507141113,0.10615396499633789,"{'train': (2176, 8), 'test': (544, 8)}"
2025-09-21T04:03:35.062629,XGBoost,26,"{'objective': 'reg:squarederror', 'base_score': None, 'booster': None, 'callbacks': None, 'colsample_bylevel': None, 'colsample_bynode': None, 'colsample_bytree': 0.6, 'device': None, 'early_stopping_rounds': None, 'enable_categorical': False, 'eval_metric': None, 'feature_types': None, 'feature_weights': None, 'gamma': None, 'grow_policy': None, 'importance_type': None, 'interaction_constraints': None, 'learning_rate': 0.05, 'max_bin': None, 'max_cat_threshold': None, 'max_cat_to_onehot': None, 'max_delta_step': None, 'max_depth': 6, 'max_leaves': None, 'min_child_weight': None, 'missing': nan, 'monotone_constraints': None, 'multi_strategy': None, 'n_estimators': 100, 'n_jobs': None, 'num_parallel_tree': None, 'random_state': 42, 'reg_alpha': None, 'reg_lambda': None, 'sampling_method': None, 'scale_pos_weight': None, 'subsample': 0.7, 'tree_method': None, 'validate_parameters': None, 'verbosity': None}","[0.5008544821290554, 0.5359540671728473, 0.5729845010110011, 0.5258802126549278, 0.5325054306356576]",0.5336357387206979,0.023193690112795266,0.5928240055176227,0.5485130859487878,0.015177329111052615,0.017234313360624774,0.08325024871427109,0.09023195496202899,0.0897064208984375,0.15000271797180176,"{'train': (2176, 8), 'test': (544, 8)}"
2025-09-21T04:03:35.239555,XGBoost,27,"{'objective': 'reg:squarederror', 'base_score': None, 'booster': None, 'callbacks': None, 'colsample_bylevel': None, 'colsample_bynode': None, 'colsample_bytree': 0.6, 'device': None, 'early_stopping_rounds': None, 'enable_categorical': False, 'eval_metric': None, 'feature_types': None, 'feature_weights': None, 'gamma': None, 'grow_policy': None, 'importance_type': None, 'interaction_constraints': None, 'learning_rate': 0.03, 'max_bin': None, 'max_cat_threshold': None, 'max_cat_to_onehot': None, 'max_delta_step': None, 'max_depth': 6, 'max_leaves': None, 'min_child_weight': None, 'missing': nan, 'monotone_constraints': None, 'multi_strategy': None, 'n_estimators': 100, 'n_jobs': None, 'num_parallel_tree': None, 'random_state': 42, 'reg_alpha': None, 'reg_lambda': None, 'sampling_method': None, 'scale_pos_weight': None, 'subsample': 0.7, 'tree_method': None, 'validate_parameters': None, 'verbosity': None}","[0.47128072942795685, 0.5199607492650631, 0.5466525570634106, 0.492947254561507, 0.5142328543772487]",0.5090148289390373,0.025478103351353927,0.5565318468439004,0.5207148317236061,0.016530105413697503,0.018295437856784037,0.08808513607310718,0.09400555439032476,0.1176290512084961,0.17593002319335938,"{'train': (2176, 8), 'test': (544, 8)}"
2025-09-21T04:03:35.348192,XGBoost,28,"{'objective': 'reg:squarederror', 'base_score': None, 'booster': None, 'callbacks': None, 'colsample_bylevel': None, 'colsample_bynode': None, 'colsample_bytree': 0.7, 'device': None, 'early_stopping_rounds': None, 'enable_categorical': False, 'eval_metric': None, 'feature_types': None, 'feature_weights': None, 'gamma': None, 'grow_policy': None, 'importance_type': None, 'interaction_constraints': None, 'learning_rate': 0.03, 'max_bin': None, 'max_cat_threshold': None, 'max_cat_to_onehot': None, 'max_delta_step': None, 'max_depth': 3, 'max_leaves': None, 'min_child_weight': None, 'missing': nan, 'monotone_constraints': None, 'multi_strategy': None, 'n_estimators': 100, 'n_jobs': None, 'num_parallel_tree': None, 'random_state': 42, 'reg_alpha': None, 'reg_lambda': None, 'sampling_method': None, 'scale_pos_weight': None, 'subsample': 0.6, 'tree_method': None, 'validate_parameters': None, 'verbosity': None}","[0.40878188110168334, 0.45500851071677195, 0.4342146654564797, 0.4157386990688494, 0.4476804466152323]",0.4322848405918033,0.017794819453297066,0.4623997183223334,0.4466849259158324,0.020038844420553564,0.021121332816397387,0.09889938333612124,0.10279658677188275,0.06777310371398926,0.10763955116271973,"{'train': (2176, 8), 'test': (544, 8)}"
2025-09-21T04:03:35.477268,XGBoost,29,"{'objective': 'reg:squarederror', 'base_score': None, 'booster': None, 'callbacks': None, 'colsample_bylevel': None, 'colsample_bynode': None, 'colsample_bytree': 0.6, 'device': None, 'early_stopping_rounds': None, 'enable_categorical': False, 'eval_metric': None, 'feature_types': None, 'feature_weights': None, 'gamma': None, 'grow_policy': None, 'importance_type': None, 'interaction_constraints': None, 'learning_rate': 0.05, 'max_bin': None, 'max_cat_threshold': None, 'max_cat_to_onehot': None, 'max_delta_step': None, 'max_depth': 4, 'max_leaves': None, 'min_child_weight': None, 'missing': nan, 'monotone_constraints': None, 'multi_strategy': None, 'n_estimators': 100, 'n_jobs': None, 'num_parallel_tree': None, 'random_state': 42, 'reg_alpha': None, 'reg_lambda': None, 'sampling_method': None, 'scale_pos_weight': None, 'subsample': 0.6, 'tree_method': None, 'validate_parameters': None, 'verbosity': None}","[0.4649959662926898, 0.5130299006125423, 0.5235210249364567, 0.47951104799424893, 0.5105761958089189]",0.4983268271289713,0.02220790325365044,0.5420437138685853,0.5104574635397232,0.017070145016598426,0.018686985633772957,0.08975635699581666,0.09536032351393096,0.08322954177856445,0.12807965278625488,"{'train': (2176, 8), 'test': (544, 8)}"
2025-09-21T04:03:35.595381,XGBoost,30,"{'objective': 'reg:squarederror', 'base_score': None, 'booster': None, 'callbacks': None, 'colsample_bylevel': None, 'colsample_bynode': None, 'colsample_bytree': 0.6, 'device': None, 'early_stopping_rounds': None, 'enable_categorical': False, 'eval_metric': None, 'feature_types': None, 'feature_weights': None, 'gamma': None, 'grow_policy': None, 'importance_type': None, 'interaction_constraints': None, 'learning_rate': 0.03, 'max_bin': None, 'max_cat_threshold': None, 'max_cat_to_onehot': None, 'max_delta_step': None, 'max_depth': 4, 'max_leaves': None, 'min_child_weight': None, 'missing': nan, 'monotone_constraints': None, 'multi_strategy': None, 'n_estimators': 50, 'n_jobs': None, 'num_parallel_tree': None, 'random_state': 42, 'reg_alpha': None, 'reg_lambda': None, 'sampling_method': None, 'scale_pos_weight': None, 'subsample': 0.7, 'tree_method': None, 'validate_parameters': None, 'verbosity': None}","[0.35556092857669697, 0.4140472636976661, 0.4092858951099123, 0.37402665189063655, 0.40659961111183973]",0.39190407007735034,0.023016662688691035,0.41928181955053023,0.4057125848041012,0.021646047568835015,0.022685343076411013,0.10404666643415943,0.1060097455257841,0.08322811126708984,0.1161198616027832,"{'train': (2176, 8), 'test': (544, 8)}"
2025-09-21T04:03:35.805137,XGBoost,31,"{'objective': 'reg:squarederror', 'base_score': None, 'booster': None, 'callbacks': None, 'colsample_bylevel': None, 'colsample_bynode': None, 'colsample_bytree': 0.7, 'device': None, 'early_stopping_rounds': None, 'enable_categorical': False, 'eval_metric': None, 'feature_types': None, 'feature_weights': None, 'gamma': None, 'grow_policy': None, 'importance_type': None, 'interaction_constraints': None, 'learning_rate': 0.05, 'max_bin': None, 'max_cat_threshold': None, 'max_cat_to_onehot': None, 'max_delta_step': None, 'max_depth': 3, 'max_leaves': None, 'min_child_weight': None, 'missing': nan, 'monotone_constraints': None, 'multi_strategy': None, 'n_estimators': 200, 'n_jobs': None, 'num_parallel_tree': None, 'random_state': 42, 'reg_alpha': None, 'reg_lambda': None, 'sampling_method': None, 'scale_pos_weight': None, 'subsample': 0.7, 'tree_method': None, 'validate_parameters': None, 'verbosity': None}","[0.4816032482301721, 0.518759096131058, 0.5302490793457668, 0.5045387070258298, 0.5048226043437987]",0.5079945470153252,0.016307326137803002,0.5523296839668174,0.5143618250670505,0.016686739424120477,0.018537947006204907,0.08863215002260055,0.09518968181208708,0.10922598838806152,0.17487072944641113,"{'train': (2176, 8), 'test': (544, 8)}"
2025-09-21T04:03:35.918167,XGBoost,32,"{'objective': 'reg:squarederror', 'base_score': None, 'booster': None, 'callbacks': None, 'colsample_bylevel': None, 'colsample_bynode': None, 'colsample_bytree': 0.7, 'device': None, 'early_stopping_rounds': None, 'enable_categorical': False, 'eval_metric': None, 'feature_types': None, 'feature_weights': None, 'gamma': None, 'grow_policy': None, 'importance_type': None, 'interaction_constraints': None, 'learning_rate': 0.03, 'max_bin': None, 'max_cat_threshold': None, 'max_cat_to_onehot': None, 'max_delta_step': None, 'max_depth': 6, 'max_leaves': None, 'min_child_weight': None, 'missing': nan, 'monotone_constraints': None, 'multi_strategy': None, 'n_estimators': 50, 'n_jobs': None, 'num_parallel_tree': None, 'random_state': 42, 'reg_alpha': None, 'reg_lambda': None, 'sampling_method': None, 'scale_pos_weight': None, 'subsample': 0.7, 'tree_method': None, 'validate_parameters': None, 'verbosity': None}","[0.4183130650319721, 0.47525553341990556, 0.4986206002554454, 0.44619758535610343, 0.4705117230037533]",0.461779701413436,0.027376080420506193,0.5019955177817559,0.4792116515308834,0.018562926174010414,0.01987971148829559,0.09543595470783538,0.09924550786584312,0.07415938377380371,0.11203289031982422,"{'train': (2176, 8), 'test': (544, 8)}"
2025-09-21T04:03:36.151020,XGBoost,33,"{'objective': 'reg:squarederror', 'base_score': None, 'booster': None, 'callbacks': None, 'colsample_bylevel': None, 'colsample_bynode': None, 'colsample_bytree': 0.6, 'device': None, 'early_stopping_rounds': None, 'enable_categorical': False, 'eval_metric': None, 'feature_types': None, 'feature_weights': None, 'gamma': None, 'grow_policy': None, 'importance_type': None, 'interaction_constraints': None, 'learning_rate': 0.03, 'max_bin': None, 'max_cat_threshold': None, 'max_cat_to_onehot': None, 'max_delta_step': None, 'max_depth': 6, 'max_leaves': None, 'min_child_weight': None, 'missing': nan, 'monotone_constraints': None, 'multi_strategy': None, 'n_estimators': 150, 'n_jobs': None, 'num_parallel_tree': None, 'random_state': 42, 'reg_alpha': None, 'reg_lambda': None, 'sampling_method': None, 'scale_pos_weight': None, 'subsample': 0.6, 'tree_method': None, 'validate_parameters': None, 'verbosity': None}","[0.49739564567570416, 0.5367244446089685, 0.5669690521075994, 0.5195736448554004, 0.5340673815605266]",0.5309460337616398,0.022784865436983093,0.5855621339830157,0.5442535968113881,0.015448012588802887,0.017396908041147,0.08427829218018455,0.09044114437613715,0.15134930610656738,0.23086023330688477,"{'train': (2176, 8), 'test': (544, 8)}"
2025-09-21T04:03:36.267141,XGBoost,34,"{'objective': 'reg:squarederror', 'base_score': None, 'booster': None, 'callbacks': None, 'colsample_bylevel': None, 'colsample_bynode': None, 'colsample_bytree': 0.6, 'device': None, 'early_stopping_rounds': None, 'enable_categorical': False, 'eval_metric': None, 'feature_types': None, 'feature_weights': None, 'gamma': None, 'grow_policy': None, 'importance_type': None, 'interaction_constraints': None, 'learning_rate': 0.01, 'max_bin': None, 'max_cat_threshold': None, 'max_cat_to_onehot': None, 'max_delta_step': None, 'max_depth': 4, 'max_leaves': None, 'min_child_weight': None, 'missing': nan, 'monotone_constraints': None, 'multi_strategy': None, 'n_estimators': 100, 'n_jobs': None, 'num_parallel_tree': None, 'random_state': 42, 'reg_alpha': None, 'reg_lambda': None, 'sampling_method': None, 'scale_pos_weight': None, 'subsample': 0.7, 'tree_method': None, 'validate_parameters': None, 'verbosity': None}","[0.2978112830452675, 0.34838132740581296, 0.3449014002593298, 0.31605745555203757, 0.3451525350955902]",0.3304608002716076,0.020094629168687143,0.35122452655419933,0.3395818488673187,0.02418285707678688,0.025209708213988314,0.11167058500306315,0.11341472817873569,0.07027292251586914,0.11412620544433594,"{'train': (2176, 8), 'test': (544, 8)}"
2025-09-21T04:03:36.458447,XGBoost,35,"{'objective': 'reg:squarederror', 'base_score': None, 'booster': None, 'callbacks': None, 'colsample_bylevel': None, 'colsample_bynode': None, 'colsample_bytree': 0.7, 'device': None, 'early_stopping_rounds': None, 'enable_categorical': False, 'eval_metric': None, 'feature_types': None, 'feature_weights': None, 'gamma': None, 'grow_policy': None, 'importance_type': None, 'interaction_constraints': None, 'learning_rate': 0.05, 'max_bin': None, 'max_cat_threshold': None, 'max_cat_to_onehot': None, 'max_delta_step': None, 'max_depth': 4, 'max_leaves': None, 'min_child_weight': None, 'missing': nan, 'monotone_constraints': None, 'multi_strategy': None, 'n_estimators': 200, 'n_jobs': None, 'num_parallel_tree': None, 'random_state': 42, 'reg_alpha': None, 'reg_lambda': None, 'sampling_method': None, 'scale_pos_weight': None, 'subsample': 0.7, 'tree_method': None, 'validate_parameters': None, 'verbosity': None}","[0.5074912316410523, 0.5374851208976208, 0.5687894361234724, 0.5408492031630434, 0.52679776285622]",0.5362825509362817,0.0199894939572208,0.5909343389442042,0.545889339192968,0.015247765708208561,0.017334467921834476,0.08385098032652888,0.09122681528949661,0.11655616760253906,0.1903092861175537,"{'train': (2176, 8), 'test': (544, 8)}"
2025-09-21T04:03:36.660188,XGBoost,36,"{'objective': 'reg:squarederror', 'base_score': None, 'booster': None, 'callbacks': None, 'colsample_bylevel': None, 'colsample_bynode': None, 'colsample_bytree': 0.6, 'device': None, 'early_stopping_rounds': None, 'enable_categorical': False, 'eval_metric': None, 'feature_types': None, 'feature_weights': None, 'gamma': None, 'grow_policy': None, 'importance_type': None, 'interaction_constraints': None, 'learning_rate': 0.05, 'max_bin': None, 'max_cat_threshold': None, 'max_cat_to_onehot': None, 'max_delta_step': None, 'max_depth': 4, 'max_leaves': None, 'min_child_weight': None, 'missing': nan, 'monotone_constraints': None, 'multi_strategy': None, 'n_estimators': 150, 'n_jobs': None, 'num_parallel_tree': None, 'random_state': 42, 'reg_alpha': None, 'reg_lambda': None, 'sampling_method': None, 'scale_pos_weight': None, 'subsample': 0.7, 'tree_method': None, 'validate_parameters': None, 'verbosity': None}","[0.4825479378191294, 0.5356826775101052, 0.5453733473121869, 0.5150608467490054, 0.5200123320191046]",0.5197354282819063,0.0215241979421118,0.5688750369532827,0.530058224198982,0.016070017733900627,0.017938778674069237,0.08654955438764016,0.09298681521818103,0.10356473922729492,0.16535735130310059,"{'train': (2176, 8), 'test': (544, 8)}"
2025-09-21T04:03:36.896283,XGBoost,37,"{'objective': 'reg:squarederror', 'base_score': None, 'booster': None, 'callbacks': None, 'colsample_bylevel': None, 'colsample_bynode': None, 'colsample_bytree': 0.6, 'device': None, 'early_stopping_rounds': None, 'enable_categorical': False, 'eval_metric': None, 'feature_types': None, 'feature_weights': None, 'gamma': None, 'grow_policy': None, 'importance_type': None, 'interaction_constraints': None, 'learning_rate': 0.03, 'max_bin': None, 'max_cat_threshold': None, 'max_cat_to_onehot': None, 'max_delta_step': None, 'max_depth': 5, 'max_leaves': None, 'min_child_weight': None, 'missing': nan, 'monotone_constraints': None, 'multi_strategy': None, 'n_estimators': 200, 'n_jobs': None, 'num_parallel_tree': None, 'random_state': 42, 'reg_alpha': None, 'reg_lambda': None, 'sampling_method': None, 'scale_pos_weight': None, 'subsample': 0.6, 'tree_method': None, 'validate_parameters': None, 'verbosity': None}","[0.4969977183029094, 0.5365383950148419, 0.5647507854387996, 0.5226740624065017, 0.5290169004705232]",0.5299955723267151,0.021882203012882205,0.5835206106251385,0.5413780859754186,0.015524109589388083,0.017506673027188988,0.08471405724457316,0.09124579537370472,0.15087485313415527,0.23509836196899414,"{'train': (2176, 8), 'test': (544, 8)}"
2025-09-21T04:03:37.029693,XGBoost,38,"{'objective': 'reg:squarederror', 'base_score': None, 'booster': None, 'callbacks': None, 'colsample_bylevel': None, 'colsample_bynode': None, 'colsample_bytree': 0.7, 'device': None, 'early_stopping_rounds': None, 'enable_categorical': False, 'eval_metric': None, 'feature_types': None, 'feature_weights': None, 'gamma': None, 'grow_policy': None, 'importance_type': None, 'interaction_constraints': None, 'learning_rate': 0.05, 'max_bin': None, 'max_cat_threshold': None, 'max_cat_to_onehot': None, 'max_delta_step': None, 'max_depth': 4, 'max_leaves': None, 'min_child_weight': None, 'missing': nan, 'monotone_constraints': None, 'multi_strategy': None, 'n_estimators': 100, 'n_jobs': None, 'num_parallel_tree': None, 'random_state': 42, 'reg_alpha': None, 'reg_lambda': None, 'sampling_method': None, 'scale_pos_weight': None, 'subsample': 0.6, 'tree_method': None, 'validate_parameters': None, 'verbosity': None}","[0.47895815228774663, 0.5183819159212784, 0.5298388074372602, 0.4996374146434298, 0.5123209380121825]",0.5078274456603795,0.01741609067024157,0.5525472929763942,0.5195916869059319,0.016678628131704835,0.01833831092604638,0.08882501190240297,0.09464262073195767,0.07982611656188965,0.13241267204284668,"{'train': (2176, 8), 'test': (544, 8)}"
2025-09-21T04:03:37.266122,XGBoost,39,"{'objective': 'reg:squarederror', 'base_score': None, 'booster': None, 'callbacks': None, 'colsample_bylevel': None, 'colsample_bynode': None, 'colsample_bytree': 0.6, 'device': None, 'early_stopping_rounds': None, 'enable_categorical': False, 'eval_metric': None, 'feature_types': None, 'feature_weights': None, 'gamma': None, 'grow_policy': None, 'importance_type': None, 'interaction_constraints': None, 'learning_rate': 0.05, 'max_bin': None, 'max_cat_threshold': None, 'max_cat_to_onehot': None, 'max_delta_step': None, 'max_depth': 6, 'max_leaves': None, 'min_child_weight': None, 'missing': nan, 'monotone_constraints': None, 'multi_strategy': None, 'n_estimators': 150, 'n_jobs': None, 'num_parallel_tree': None, 'random_state': 42, 'reg_alpha': None, 'reg_lambda': None, 'sampling_method': None, 'scale_pos_weight': None, 'subsample': 0.7, 'tree_method': None, 'validate_parameters': None, 'verbosity': None}","[0.5187597211853371, 0.5318394507072153, 0.5806935026820511, 0.5408671274382199, 0.5411533519461442]",0.5426626307917936,0.020689800803572,0.6110048436247549,0.5587838932083258,0.014499645339892439,0.016842252582629825,0.08067341104726732,0.08887416259967189,0.15473151206970215,0.2344353199005127,"{'train': (2176, 8), 'test': (544, 8)}"
2025-09-21T04:03:37.372944,XGBoost,40,"{'objective': 'reg:squarederror', 'base_score': None, 'booster': None, 'callbacks': None, 'colsample_bylevel': None, 'colsample_bynode': None, 'colsample_bytree': 0.6, 'device': None, 'early_stopping_rounds': None, 'enable_categorical': False, 'eval_metric': None, 'feature_types': None, 'feature_weights': None, 'gamma': None, 'grow_policy': None, 'importance_type': None, 'interaction_constraints': None, 'learning_rate': 0.05, 'max_bin': None, 'max_cat_threshold': None, 'max_cat_to_onehot': None, 'max_delta_step': None, 'max_depth': 3, 'max_leaves': None, 'min_child_weight': None, 'missing': nan, 'monotone_constraints': None, 'multi_strategy': None, 'n_estimators': 100, 'n_jobs': None, 'num_parallel_tree': None, 'random_state': 42, 'reg_alpha': None, 'reg_lambda': None, 'sampling_method': None, 'scale_pos_weight': None, 'subsample': 0.6, 'tree_method': None, 'validate_parameters': None, 'verbosity': None}","[0.4296154862577888, 0.48454924349399153, 0.4758334917382149, 0.44029805126098953, 0.47528288173814803]",0.4611158308978265,0.02187277466384235,0.4959840896459541,0.47214983318021186,0.018786999853404235,0.020149277640854064,0.09520111047808184,0.09980389004247173,0.06389164924621582,0.105804443359375,"{'train': (2176, 8), 'test': (544, 8)}"
2025-09-21T04:03:37.547122,XGBoost,41,"{'objective': 'reg:squarederror', 'base_score': None, 'booster': None, 'callbacks': None, 'colsample_bylevel': None, 'colsample_bynode': None, 'colsample_bytree': 0.7, 'device': None, 'early_stopping_rounds': None, 'enable_categorical': False, 'eval_metric': None, 'feature_types': None, 'feature_weights': None, 'gamma': None, 'grow_policy': None, 'importance_type': None, 'interaction_constraints': None, 'learning_rate': 0.05, 'max_bin': None, 'max_cat_threshold': None, 'max_cat_to_onehot': None, 'max_delta_step': None, 'max_depth': 5, 'max_leaves': None, 'min_child_weight': None, 'missing': nan, 'monotone_constraints': None, 'multi_strategy': None, 'n_estimators': 100, 'n_jobs': None, 'num_parallel_tree': None, 'random_state': 42, 'reg_alpha': None, 'reg_lambda': None, 'sampling_method': None, 'scale_pos_weight': None, 'subsample': 0.7, 'tree_method': None, 'validate_parameters': None, 'verbosity': None}","[0.49750878351819183, 0.5336548598533517, 0.5654362492219155, 0.5280341750049428, 0.5304014017790792]",0.5310070938754963,0.021557918771821182,0.5853906512132232,0.547179140132378,0.015454404543312202,0.017285233197923744,0.08467524216456776,0.09099223864791477,0.08689117431640625,0.13626408576965332,"{'train': (2176, 8), 'test': (544, 8)}"
2025-09-21T04:03:37.624988,XGBoost,42,"{'objective': 'reg:squarederror', 'base_score': None, 'booster': None, 'callbacks': None, 'colsample_bylevel': None, 'colsample_bynode': None, 'colsample_bytree': 0.6, 'device': None, 'early_stopping_rounds': None, 'enable_categorical': False, 'eval_metric': None, 'feature_types': None, 'feature_weights': None, 'gamma': None, 'grow_policy': None, 'importance_type': None, 'interaction_constraints': None, 'learning_rate': 0.01, 'max_bin': None, 'max_cat_threshold': None, 'max_cat_to_onehot': None, 'max_delta_step': None, 'max_depth': 4, 'max_leaves': None, 'min_child_weight': None, 'missing': nan, 'monotone_constraints': None, 'multi_strategy': None, 'n_estimators': 50, 'n_jobs': None, 'num_parallel_tree': None, 'random_state': 42, 'reg_alpha': None, 'reg_lambda': None, 'sampling_method': None, 'scale_pos_weight': None, 'subsample': 0.7, 'tree_method': None, 'validate_parameters': None, 'verbosity': None}","[0.19787377099559966, 0.2340904047187492, 0.23985325026373472, 0.21504627999132264, 0.23378740273516163]",0.22413022174091357,0.015566625961255293,0.23897051459742635,0.2318013730722035,0.02836708234200623,0.029323941508908463,0.12311596312515913,0.12423342824476284,0.04993724822998047,0.07687211036682129,"{'train': (2176, 8), 'test': (544, 8)}"
2025-09-21T04:03:37.860175,XGBoost,43,"{'objective': 'reg:squarederror', 'base_score': None, 'booster': None, 'callbacks': None, 'colsample_bylevel': None, 'colsample_bynode': None, 'colsample_bytree': 0.7, 'device': None, 'early_stopping_rounds': None, 'enable_categorical': False, 'eval_metric': None, 'feature_types': None, 'feature_weights': None, 'gamma': None, 'grow_policy': None, 'importance_type': None, 'interaction_constraints': None, 'learning_rate': 0.05, 'max_bin': None, 'max_cat_threshold': None, 'max_cat_to_onehot': None, 'max_delta_step': None, 'max_depth': 5, 'max_leaves': None, 'min_child_weight': None, 'missing': nan, 'monotone_constraints': None, 'multi_strategy': None, 'n_estimators': 200, 'n_jobs': None, 'num_parallel_tree': None, 'random_state': 42, 'reg_alpha': None, 'reg_lambda': None, 'sampling_method': None, 'scale_pos_weight': None, 'subsample': 0.6, 'tree_method': None, 'validate_parameters': None, 'verbosity': None}","[0.5289735691637156, 0.5289642631469991, 0.5847735795448634, 0.5520395341611699, 0.5311309263107437]",0.5451763744654984,0.021622579300464496,0.6134118274967496,0.5575559795332041,0.014409925938735945,0.016889124924658418,0.0802799215819701,0.08883471585121776,0.14691996574401855,0.23368239402770996,"{'train': (2176, 8), 'test': (544, 8)}"
2025-09-21T04:03:37.946547,XGBoost,44,"{'objective': 'reg:squarederror', 'base_score': None, 'booster': None, 'callbacks': None, 'colsample_bylevel': None, 'colsample_bynode': None, 'colsample_bytree': 0.6, 'device': None, 'early_stopping_rounds': None, 'enable_categorical': False, 'eval_metric': None, 'feature_types': None, 'feature_weights': None, 'gamma': None, 'grow_policy': None, 'importance_type': None, 'interaction_constraints': None, 'learning_rate': 0.05, 'max_bin': None, 'max_cat_threshold': None, 'max_cat_to_onehot': None, 'max_delta_step': None, 'max_depth': 3, 'max_leaves': None, 'min_child_weight': None, 'missing': nan, 'monotone_constraints': None, 'multi_strategy': None, 'n_estimators': 50, 'n_jobs': None, 'num_parallel_tree': None, 'random_state': 42, 'reg_alpha': None, 'reg_lambda': None, 'sampling_method': None, 'scale_pos_weight': None, 'subsample': 0.6, 'tree_method': None, 'validate_parameters': None, 'verbosity': None}","[0.3686629307881434, 0.4296556983920362, 0.41117404389956747, 0.395685190549385, 0.42256494786096455]",0.4055485622980193,0.021726450909735486,0.4355759002369618,0.42278914903135145,0.021038691957278397,0.022033490608806862,0.10169292014317549,0.10420758901062133,0.05381965637207031,0.08537554740905762,"{'train': (2176, 8), 'test': (544, 8)}"
2025-09-21T04:03:38.102051,XGBoost,45,"{'objective': 'reg:squarederror', 'base_score': None, 'booster': None, 'callbacks': None, 'colsample_bylevel': None, 'colsample_bynode': None, 'colsample_bytree': 0.6, 'device': None, 'early_stopping_rounds': None, 'enable_categorical': False, 'eval_metric': None, 'feature_types': None, 'feature_weights': None, 'gamma': None, 'grow_policy': None, 'importance_type': None, 'interaction_constraints': None, 'learning_rate': 0.05, 'max_bin': None, 'max_cat_threshold': None, 'max_cat_to_onehot': None, 'max_delta_step': None, 'max_depth': 5, 'max_leaves': None, 'min_child_weight': None, 'missing': nan, 'monotone_constraints': None, 'multi_strategy': None, 'n_estimators': 100, 'n_jobs': None, 'num_parallel_tree': None, 'random_state': 42, 'reg_alpha': None, 'reg_lambda': None, 'sampling_method': None, 'scale_pos_weight': None, 'subsample': 0.6, 'tree_method': None, 'validate_parameters': None, 'verbosity': None}","[0.4890106138637518, 0.5301383449307979, 0.5606471240083122, 0.5116575137444894, 0.5267827532281006]",0.5236472699550905,0.023513428966591008,0.5721269120433361,0.5325645633280573,0.015948805336464183,0.017843105837062976,0.08605087917404777,0.09225582984825284,0.10566449165344238,0.15450763702392578,"{'train': (2176, 8), 'test': (544, 8)}"
2025-09-21T04:03:38.286718,XGBoost,46,"{'objective': 'reg:squarederror', 'base_score': None, 'booster': None, 'callbacks': None, 'colsample_bylevel': None, 'colsample_bynode': None, 'colsample_bytree': 0.6, 'device': None, 'early_stopping_rounds': None, 'enable_categorical': False, 'eval_metric': None, 'feature_types': None, 'feature_weights': None, 'gamma': None, 'grow_policy': None, 'importance_type': None, 'interaction_constraints': None, 'learning_rate': 0.03, 'max_bin': None, 'max_cat_threshold': None, 'max_cat_to_onehot': None, 'max_delta_step': None, 'max_depth': 3, 'max_leaves': None, 'min_child_weight': None, 'missing': nan, 'monotone_constraints': None, 'multi_strategy': None, 'n_estimators': 150, 'n_jobs': None, 'num_parallel_tree': None, 'random_state': 42, 'reg_alpha': None, 'reg_lambda': None, 'sampling_method': None, 'scale_pos_weight': None, 'subsample': 0.7, 'tree_method': None, 'validate_parameters': None, 'verbosity': None}","[0.4274774418485656, 0.4772218921244773, 0.463124958559055, 0.4411586608589423, 0.4714564305511626]",0.45608787678844054,0.018835063283919328,0.48785624058725474,0.4690920677492064,0.019089962311408814,0.020265999711818132,0.09590768175795011,0.1004527700845161,0.10544443130493164,0.15346908569335938,"{'train': (2176, 8), 'test': (544, 8)}"
2025-09-21T04:03:38.493605,XGBoost,47,"{'objective': 'reg:squarederror', 'base_score': None, 'booster': None, 'callbacks': None, 'colsample_bylevel': None, 'colsample_bynode': None, 'colsample_bytree': 0.7, 'device': None, 'early_stopping_rounds': None, 'enable_categorical': False, 'eval_metric': None, 'feature_types': None, 'feature_weights': None, 'gamma': None, 'grow_policy': None, 'importance_type': None, 'interaction_constraints': None, 'learning_rate': 0.03, 'max_bin': None, 'max_cat_threshold': None, 'max_cat_to_onehot': None, 'max_delta_step': None, 'max_depth': 4, 'max_leaves': None, 'min_child_weight': None, 'missing': nan, 'monotone_constraints': None, 'multi_strategy': None, 'n_estimators': 200, 'n_jobs': None, 'num_parallel_tree': None, 'random_state': 42, 'reg_alpha': None, 'reg_lambda': None, 'sampling_method': None, 'scale_pos_weight': None, 'subsample': 0.7, 'tree_method': None, 'validate_parameters': None, 'verbosity': None}","[0.48864610760337324, 0.5278099918539723, 0.5406459261045392, 0.5111356665589957, 0.5167903379944779]",0.5170056060230717,0.0174032362909324,0.5678590345573498,0.5287684820549228,0.016107888833743568,0.017988011153623668,0.08696416225240526,0.09348616453631366,0.1313326358795166,0.20489215850830078,"{'train': (2176, 8), 'test': (544, 8)}"
2025-09-21T04:03:38.575794,XGBoost,48,"{'objective': 'reg:squarederror', 'base_score': None, 'booster': None, 'callbacks': None, 'colsample_bylevel': None, 'colsample_bynode': None, 'colsample_bytree': 0.6, 'device': None, 'early_stopping_rounds': None, 'enable_categorical': False, 'eval_metric': None, 'feature_types': None, 'feature_weights': None, 'gamma': None, 'grow_policy': None, 'importance_type': None, 'interaction_constraints': None, 'learning_rate': 0.03, 'max_bin': None, 'max_cat_threshold': None, 'max_cat_to_onehot': None, 'max_delta_step': None, 'max_depth': 4, 'max_leaves': None, 'min_child_weight': None, 'missing': nan, 'monotone_constraints': None, 'multi_strategy': None, 'n_estimators': 50, 'n_jobs': None, 'num_parallel_tree': None, 'random_state': 42, 'reg_alpha': None, 'reg_lambda': None, 'sampling_method': None, 'scale_pos_weight': None, 'subsample': 0.6, 'tree_method': None, 'validate_parameters': None, 'verbosity': None}","[0.3560657578021649, 0.40784163719733024, 0.40632130032895897, 0.371572415400271, 0.40782244708081616]",0.38992471156190833,0.021878888492035786,0.4161610378435706,0.4012859775815748,0.021762373510668818,0.02285431704580666,0.10447866192051147,0.10650864945464443,0.0510401725769043,0.0811929702758789,"{'train': (2176, 8), 'test': (544, 8)}"
2025-09-21T04:03:38.684373,XGBoost,49,"{'objective': 'reg:squarederror', 'base_score': None, 'booster': None, 'callbacks': None, 'colsample_bylevel': None, 'colsample_bynode': None, 'colsample_bytree': 0.6, 'device': None, 'early_stopping_rounds': None, 'enable_categorical': False, 'eval_metric': None, 'feature_types': None, 'feature_weights': None, 'gamma': None, 'grow_policy': None, 'importance_type': None, 'interaction_constraints': None, 'learning_rate': 0.03, 'max_bin': None, 'max_cat_threshold': None, 'max_cat_to_onehot': None, 'max_delta_step': None, 'max_depth': 3, 'max_leaves': None, 'min_child_weight': None, 'missing': nan, 'monotone_constraints': None, 'multi_strategy': None, 'n_estimators': 100, 'n_jobs': None, 'num_parallel_tree': None, 'random_state': 42, 'reg_alpha': None, 'reg_lambda': None, 'sampling_method': None, 'scale_pos_weight': None, 'subsample': 0.7, 'tree_method': None, 'validate_parameters': None, 'verbosity': None}","[0.3914942521538296, 0.448230865697967, 0.43078444056113074, 0.4090438931406072, 0.4413791698372497]",0.4241865242781568,0.021049151286116393,0.4497844905910643,0.43652208017910743,0.020509072198425758,0.021509272450108547,0.10016728151918809,0.10357693093626615,0.06671929359436035,0.10758256912231445,"{'train': (2176, 8), 'test': (544, 8)}"
2025-09-21T04:03:38.968654,XGBoost,50,"{'objective': 'reg:squarederror', 'base_score': None, 'booster': None, 'callbacks': None, 'colsample_bylevel': None, 'colsample_bynode': None, 'colsample_bytree': 0.7, 'device': None, 'early_stopping_rounds': None, 'enable_categorical': False, 'eval_metric': None, 'feature_types': None, 'feature_weights': None, 'gamma': None, 'grow_policy': None, 'importance_type': None, 'interaction_constraints': None, 'learning_rate': 0.01, 'max_bin': None, 'max_cat_threshold': None, 'max_cat_to_onehot': None, 'max_delta_step': None, 'max_depth': 6, 'max_leaves': None, 'min_child_weight': None, 'missing': nan, 'monotone_constraints': None, 'multi_strategy': None, 'n_estimators': 200, 'n_jobs': None, 'num_parallel_tree': None, 'random_state': 42, 'reg_alpha': None, 'reg_lambda': None, 'sampling_method': None, 'scale_pos_weight': None, 'subsample': 0.7, 'tree_method': None, 'validate_parameters': None, 'verbosity': None}","[0.45304429184757355, 0.49707973357393387, 0.5298852644935866, 0.477755136525459, 0.4993461429832642]",0.49142211388476353,0.02543169812228885,0.5375562073218256,0.5081671496895612,0.01723741510292745,0.018774412279727513,0.09099395293619107,0.09585001726762706,0.16257452964782715,0.28328442573547363,"{'train': (2176, 8), 'test': (544, 8)}"
2025-09-21T04:03:40.580557,LightGBM,1,"{'boosting_type': 'gbdt', 'class_weight': None, 'colsample_bytree': 1.0, 'importance_type': 'split', 'learning_rate': 0.01, 'max_depth': 5, 'min_child_samples': 20, 'min_child_weight': 0.001, 'min_split_gain': 0.0, 'n_estimators': 100, 'n_jobs': None, 'num_leaves': 15, 'objective': None, 'random_state': 42, 'reg_alpha': 0.0, 'reg_lambda': 0.0, 'subsample': 0.6, 'subsample_for_bin': 200000, 'subsample_freq': 0}","[0.33726556225725424, 0.3785158689500707, 0.38157732983692894, 0.3655161474190478, 0.36610600085068057]",0.3657961818627965,0.015652512470212102,0.3917537586457117,0.37648072388679654,0.022672145486696466,0.0238011916990045,0.10712222155467897,0.10968684407109486,1.4135651588439941,1.5790126323699951,"{'train': (2176, 8), 'test': (544, 8)}"
2025-09-21T04:03:42.289321,LightGBM,2,"{'boosting_type': 'gbdt', 'class_weight': None, 'colsample_bytree': 1.0, 'importance_type': 'split', 'learning_rate': 0.01, 'max_depth': 5, 'min_child_samples': 20, 'min_child_weight': 0.001, 'min_split_gain': 0.0, 'n_estimators': 200, 'n_jobs': None, 'num_leaves': 31, 'objective': None, 'random_state': 42, 'reg_alpha': 0.0, 'reg_lambda': 0.0, 'subsample': 0.7, 'subsample_for_bin': 200000, 'subsample_freq': 0}","[0.42207331987919416, 0.4656738689016, 0.46838926858290997, 0.4573090215774458, 0.4503830983768694]",0.4527657154636039,0.01660757344458603,0.49819285396203117,0.4716008894311675,0.018704669010210822,0.02017023210995151,0.09470923866656583,0.09962614600890254,1.5672614574432373,1.706770658493042,"{'train': (2176, 8), 'test': (544, 8)}"
2025-09-21T04:03:42.830293,LightGBM,3,"{'boosting_type': 'gbdt', 'class_weight': None, 'colsample_bytree': 1.0, 'importance_type': 'split', 'learning_rate': 0.01, 'max_depth': 6, 'min_child_samples': 20, 'min_child_weight': 0.001, 'min_split_gain': 0.0, 'n_estimators': 150, 'n_jobs': None, 'num_leaves': 50, 'objective': None, 'random_state': 42, 'reg_alpha': 0.0, 'reg_lambda': 0.0, 'subsample': 0.6, 'subsample_for_bin': 200000, 'subsample_freq': 0}","[0.4162190967379782, 0.45468153337639716, 0.4711632269035143, 0.4423003210197941, 0.4429574468063382]",0.44546432496880434,0.01798315447780368,0.4926727056547341,0.4698139613456279,0.018910430422320035,0.020238443341818124,0.09528882492704531,0.09915637653304493,0.40393662452697754,0.5389785766601562,"{'train': (2176, 8), 'test': (544, 8)}"
2025-09-21T04:03:43.198216,LightGBM,4,"{'boosting_type': 'gbdt', 'class_weight': None, 'colsample_bytree': 1.0, 'importance_type': 'split', 'learning_rate': 0.01, 'max_depth': 4, 'min_child_samples': 20, 'min_child_weight': 0.001, 'min_split_gain': 0.0, 'n_estimators': 200, 'n_jobs': None, 'num_leaves': 15, 'objective': None, 'random_state': 42, 'reg_alpha': 0.0, 'reg_lambda': 0.0, 'subsample': 0.6, 'subsample_for_bin': 200000, 'subsample_freq': 0}","[0.408012773858352, 0.44344190320905463, 0.4405101616541919, 0.433207279929979, 0.4395037235557244]",0.4329351684414604,0.012900524875809978,0.4666478018984489,0.451027561503787,0.019880498733676994,0.020955564241042134,0.09828694347677723,0.10163873259268048,0.24844861030578613,0.3669261932373047,"{'train': (2176, 8), 'test': (544, 8)}"
2025-09-21T04:03:43.402426,LightGBM,5,"{'boosting_type': 'gbdt', 'class_weight': None, 'colsample_bytree': 1.0, 'importance_type': 'split', 'learning_rate': 0.01, 'max_depth': 3, 'min_child_samples': 20, 'min_child_weight': 0.001, 'min_split_gain': 0.0, 'n_estimators': 100, 'n_jobs': None, 'num_leaves': 15, 'objective': None, 'random_state': 42, 'reg_alpha': 0.0, 'reg_lambda': 0.0, 'subsample': 0.7, 'subsample_for_bin': 200000, 'subsample_freq': 0}","[0.3017551182211563, 0.3458626135278232, 0.3492331569098541, 0.32963703471351113, 0.3311235525135636]",0.3315222951771817,0.016787598877567835,0.34604169889380165,0.33736166184866,0.02437604499108846,0.025294457954474513,0.11179491894868268,0.11311807163176112,0.13843107223510742,0.20321393013000488,"{'train': (2176, 8), 'test': (544, 8)}"
2025-09-21T04:03:43.767806,LightGBM,6,"{'boosting_type': 'gbdt', 'class_weight': None, 'colsample_bytree': 1.0, 'importance_type': 'split', 'learning_rate': 0.03, 'max_depth': 6, 'min_child_samples': 20, 'min_child_weight': 0.001, 'min_split_gain': 0.0, 'n_estimators': 100, 'n_jobs': None, 'num_leaves': 31, 'objective': None, 'random_state': 42, 'reg_alpha': 0.0, 'reg_lambda': 0.0, 'subsample': 0.7, 'subsample_for_bin': 200000, 'subsample_freq': 0}","[0.4656956771921895, 0.49666090566715426, 0.5247092644663953, 0.5048983256596713, 0.49875277141269103]",0.4981433888796203,0.019009460875532385,0.5607292303775803,0.5260258987062738,0.016373649551467813,0.018092701986020393,0.08711196681900796,0.09298623940980513,0.21754860877990723,0.3303995132446289,"{'train': (2176, 8), 'test': (544, 8)}"
2025-09-21T04:03:43.990391,LightGBM,7,"{'boosting_type': 'gbdt', 'class_weight': None, 'colsample_bytree': 1.0, 'importance_type': 'split', 'learning_rate': 0.05, 'max_depth': 6, 'min_child_samples': 20, 'min_child_weight': 0.001, 'min_split_gain': 0.0, 'n_estimators': 50, 'n_jobs': None, 'num_leaves': 50, 'objective': None, 'random_state': 42, 'reg_alpha': 0.0, 'reg_lambda': 0.0, 'subsample': 0.7, 'subsample_for_bin': 200000, 'subsample_freq': 0}","[0.4545752556924505, 0.48856987320695455, 0.5142071303494244, 0.490566360825303, 0.4917647440182692]",0.4879366728184803,0.019105451695251484,0.5478229567876434,0.5147220810197841,0.016854725952154877,0.018524195192395447,0.08863990120069133,0.09417530776580575,0.1398615837097168,0.2215888500213623,"{'train': (2176, 8), 'test': (544, 8)}"
2025-09-21T04:03:44.206384,LightGBM,8,"{'boosting_type': 'gbdt', 'class_weight': None, 'colsample_bytree': 1.0, 'importance_type': 'split', 'learning_rate': 0.01, 'max_depth': 6, 'min_child_samples': 20, 'min_child_weight': 0.001, 'min_split_gain': 0.0, 'n_estimators': 100, 'n_jobs': None, 'num_leaves': 15, 'objective': None, 'random_state': 42, 'reg_alpha': 0.0, 'reg_lambda': 0.0, 'subsample': 0.6, 'subsample_for_bin': 200000, 'subsample_freq': 0}","[0.34121915372846234, 0.38153174914935406, 0.39551334891119716, 0.3665270111350817, 0.36574246118038933]",0.37010674482089695,0.018123910391449154,0.3931251918543791,0.37535997004872457,0.022621025839556577,0.023843973498973266,0.10711564650293959,0.1098715935010565,0.12828516960144043,0.21399855613708496,"{'train': (2176, 8), 'test': (544, 8)}"
2025-09-21T04:03:44.847229,LightGBM,9,"{'boosting_type': 'gbdt', 'class_weight': None, 'colsample_bytree': 1.0, 'importance_type': 'split', 'learning_rate': 0.05, 'max_depth': 6, 'min_child_samples': 20, 'min_child_weight': 0.001, 'min_split_gain': 0.0, 'n_estimators': 200, 'n_jobs': None, 'num_leaves': 50, 'objective': None, 'random_state': 42, 'reg_alpha': 0.0, 'reg_lambda': 0.0, 'subsample': 0.7, 'subsample_for_bin': 200000, 'subsample_freq': 0}","[0.5086410785248947, 0.5046627849971975, 0.5719890038419331, 0.5441828079720403, 0.5226220095726294]",0.530419536981739,0.024963818468490485,0.6084143801500954,0.5577141221020678,0.014596203872904799,0.01688308825227074,0.08062705043932283,0.08858455696944562,0.4824368953704834,0.6388514041900635,"{'train': (2176, 8), 'test': (544, 8)}"
2025-09-21T04:03:45.582972,LightGBM,10,"{'boosting_type': 'gbdt', 'class_weight': None, 'colsample_bytree': 1.0, 'importance_type': 'split', 'learning_rate': 0.01, 'max_depth': 6, 'min_child_samples': 20, 'min_child_weight': 0.001, 'min_split_gain': 0.0, 'n_estimators': 200, 'n_jobs': None, 'num_leaves': 50, 'objective': None, 'random_state': 42, 'reg_alpha': 0.0, 'reg_lambda': 0.0, 'subsample': 0.7, 'subsample_for_bin': 200000, 'subsample_freq': 0}","[0.44351440071057235, 0.47882251658570407, 0.49181686676496683, 0.47058828617053017, 0.47138942101241876]",0.4712262982488385,0.015811748660145942,0.5233712673450336,0.49603808034708585,0.017766153303031777,0.01923740727540807,0.09162829020480039,0.09628642505310617,0.5636250972747803,0.7347462177276611,"{'train': (2176, 8), 'test': (544, 8)}"
2025-09-21T04:03:46.108735,LightGBM,11,"{'boosting_type': 'gbdt', 'class_weight': None, 'colsample_bytree': 1.0, 'importance_type': 'split', 'learning_rate': 0.03, 'max_depth': 6, 'min_child_samples': 20, 'min_child_weight': 0.001, 'min_split_gain': 0.0, 'n_estimators': 100, 'n_jobs': None, 'num_leaves': 31, 'objective': None, 'random_state': 42, 'reg_alpha': 0.0, 'reg_lambda': 0.0, 'subsample': 0.6, 'subsample_for_bin': 200000, 'subsample_freq': 0}","[0.4656956771921895, 0.49666090566715426, 0.5247092644663953, 0.5048983256596713, 0.49875277141269103]",0.4981433888796203,0.019009460875532385,0.5607292303775803,0.5260258987062738,0.016373649551467813,0.018092701986020393,0.08711196681900796,0.09298623940980513,0.3685934543609619,0.48513340950012207,"{'train': (2176, 8), 'test': (544, 8)}"
2025-09-21T04:03:46.516989,LightGBM,12,"{'boosting_type': 'gbdt', 'class_weight': None, 'colsample_bytree': 1.0, 'importance_type': 'split', 'learning_rate': 0.01, 'max_depth': 3, 'min_child_samples': 20, 'min_child_weight': 0.001, 'min_split_gain': 0.0, 'n_estimators': 200, 'n_jobs': None, 'num_leaves': 31, 'objective': None, 'random_state': 42, 'reg_alpha': 0.0, 'reg_lambda': 0.0, 'subsample': 0.7, 'subsample_for_bin': 200000, 'subsample_freq': 0}","[0.3703792855818392, 0.42653341632132713, 0.41801381376990954, 0.40262521248641714, 0.40484718482595816]",0.4044797825970902,0.019162207970951407,0.4261928372599293,0.41360309464658274,0.02138844203292614,0.022384143827953958,0.10231648829558265,0.10553108510681522,0.29692721366882324,0.4072592258453369,"{'train': (2176, 8), 'test': (544, 8)}"
2025-09-21T04:03:46.800912,LightGBM,13,"{'boosting_type': 'gbdt', 'class_weight': None, 'colsample_bytree': 1.0, 'importance_type': 'split', 'learning_rate': 0.03, 'max_depth': 6, 'min_child_samples': 20, 'min_child_weight': 0.001, 'min_split_gain': 0.0, 'n_estimators': 150, 'n_jobs': None, 'num_leaves': 15, 'objective': None, 'random_state': 42, 'reg_alpha': 0.0, 'reg_lambda': 0.0, 'subsample': 0.6, 'subsample_for_bin': 200000, 'subsample_freq': 0}","[0.4789281481270611, 0.501069897795136, 0.5391533061878854, 0.510200367268603, 0.4965674317366404]",0.5051838302230651,0.019797063148248077,0.5600446331579038,0.5152761230567644,0.016399167650403754,0.018503046109702,0.08747953041904372,0.09429534581519043,0.17812395095825195,0.2819368839263916,"{'train': (2176, 8), 'test': (544, 8)}"
2025-09-21T04:03:47.228153,LightGBM,14,"{'boosting_type': 'gbdt', 'class_weight': None, 'colsample_bytree': 1.0, 'importance_type': 'split', 'learning_rate': 0.01, 'max_depth': 5, 'min_child_samples': 20, 'min_child_weight': 0.001, 'min_split_gain': 0.0, 'n_estimators': 150, 'n_jobs': None, 'num_leaves': 50, 'objective': None, 'random_state': 42, 'reg_alpha': 0.0, 'reg_lambda': 0.0, 'subsample': 0.7, 'subsample_for_bin': 200000, 'subsample_freq': 0}","[0.39698242099288916, 0.4376286839925524, 0.44235798802343695, 0.4280457253034835, 0.4227305279988828]",0.425549069262249,0.015866239009542427,0.46724423450616137,0.44257981495959486,0.019858266936855763,0.02127803452003061,0.09839171545560517,0.10279261891010606,0.30504679679870605,0.42624425888061523,"{'train': (2176, 8), 'test': (544, 8)}"
2025-09-21T04:03:47.539373,LightGBM,15,"{'boosting_type': 'gbdt', 'class_weight': None, 'colsample_bytree': 1.0, 'importance_type': 'split', 'learning_rate': 0.01, 'max_depth': 5, 'min_child_samples': 20, 'min_child_weight': 0.001, 'min_split_gain': 0.0, 'n_estimators': 100, 'n_jobs': None, 'num_leaves': 50, 'objective': None, 'random_state': 42, 'reg_alpha': 0.0, 'reg_lambda': 0.0, 'subsample': 0.6, 'subsample_for_bin': 200000, 'subsample_freq': 0}","[0.34863714610968977, 0.3852796115514592, 0.3914517218393586, 0.3756363728637614, 0.37370792888903637]",0.3749425562506611,0.014651877351562806,0.4091552045772717,0.3901209731261981,0.022023513260115375,0.023280511425905367,0.10527874849830786,0.10803169570488519,0.2048344612121582,0.3102240562438965,"{'train': (2176, 8), 'test': (544, 8)}"
2025-09-21T04:03:47.896143,LightGBM,16,"{'boosting_type': 'gbdt', 'class_weight': None, 'colsample_bytree': 1.0, 'importance_type': 'split', 'learning_rate': 0.05, 'max_depth': 6, 'min_child_samples': 20, 'min_child_weight': 0.001, 'min_split_gain': 0.0, 'n_estimators': 50, 'n_jobs': None, 'num_leaves': 50, 'objective': None, 'random_state': 42, 'reg_alpha': 0.0, 'reg_lambda': 0.0, 'subsample': 0.6, 'subsample_for_bin': 200000, 'subsample_freq': 0}","[0.4545752556924505, 0.48856987320695455, 0.5142071303494244, 0.490566360825303, 0.4917647440182692]",0.4879366728184803,0.019105451695251484,0.5478229567876434,0.5147220810197841,0.016854725952154877,0.018524195192395447,0.08863990120069133,0.09417530776580575,0.2524876594543457,0.32787370681762695,"{'train': (2176, 8), 'test': (544, 8)}"
2025-09-21T04:03:48.387838,LightGBM,17,"{'boosting_type': 'gbdt', 'class_weight': None, 'colsample_bytree': 1.0, 'importance_type': 'split', 'learning_rate': 0.03, 'max_depth': 5, 'min_child_samples': 20, 'min_child_weight': 0.001, 'min_split_gain': 0.0, 'n_estimators': 200, 'n_jobs': None, 'num_leaves': 31, 'objective': None, 'random_state': 42, 'reg_alpha': 0.0, 'reg_lambda': 0.0, 'subsample': 0.6, 'subsample_for_bin': 200000, 'subsample_freq': 0}","[0.48283271010158024, 0.5054763080397338, 0.5428342017610402, 0.5203784901444035, 0.4993840360387738]",0.5101811492171062,0.020282297246466432,0.5773229898814178,0.5299419714937627,0.01575512352686864,0.017943216312212042,0.08493905617873686,0.09258829478150131,0.3424689769744873,0.49019479751586914,"{'train': (2176, 8), 'test': (544, 8)}"
2025-09-21T04:03:48.789482,LightGBM,18,"{'boosting_type': 'gbdt', 'class_weight': None, 'colsample_bytree': 1.0, 'importance_type': 'split', 'learning_rate': 0.01, 'max_depth': 5, 'min_child_samples': 20, 'min_child_weight': 0.001, 'min_split_gain': 0.0, 'n_estimators': 200, 'n_jobs': None, 'num_leaves': 15, 'objective': None, 'random_state': 42, 'reg_alpha': 0.0, 'reg_lambda': 0.0, 'subsample': 0.6, 'subsample_for_bin': 200000, 'subsample_freq': 0}","[0.4158313256669883, 0.45658009002334554, 0.4605844433514431, 0.4463275998484505, 0.4467162175534366]",0.44520793528873276,0.015698895887897645,0.48248751527886247,0.46231074936518757,0.019290079489279018,0.020524858523427208,0.0965617921204476,0.100968473531441,0.2790660858154297,0.39965105056762695,"{'train': (2176, 8), 'test': (544, 8)}"
2025-09-21T04:03:48.994796,LightGBM,19,"{'boosting_type': 'gbdt', 'class_weight': None, 'colsample_bytree': 1.0, 'importance_type': 'split', 'learning_rate': 0.03, 'max_depth': 5, 'min_child_samples': 20, 'min_child_weight': 0.001, 'min_split_gain': 0.0, 'n_estimators': 50, 'n_jobs': None, 'num_leaves': 50, 'objective': None, 'random_state': 42, 'reg_alpha': 0.0, 'reg_lambda': 0.0, 'subsample': 0.6, 'subsample_for_bin': 200000, 'subsample_freq': 0}","[0.3987573862556232, 0.43751492128458336, 0.4419504156315509, 0.4299675956951061, 0.4229681608989203]",0.4262316959531568,0.015191014604007182,0.46891189315375825,0.44440554598823945,0.01979610560003224,0.021208342088908882,0.09815476104151125,0.10253281791640298,0.1225898265838623,0.2043168544769287,"{'train': (2176, 8), 'test': (544, 8)}"
2025-09-21T04:03:49.202483,LightGBM,20,"{'boosting_type': 'gbdt', 'class_weight': None, 'colsample_bytree': 1.0, 'importance_type': 'split', 'learning_rate': 0.03, 'max_depth': 4, 'min_child_samples': 20, 'min_child_weight': 0.001, 'min_split_gain': 0.0, 'n_estimators': 50, 'n_jobs': None, 'num_leaves': 15, 'objective': None, 'random_state': 42, 'reg_alpha': 0.0, 'reg_lambda': 0.0, 'subsample': 0.6, 'subsample_for_bin': 200000, 'subsample_freq': 0}","[0.3812620716136662, 0.4201089548731344, 0.4182940084124255, 0.4016230028325529, 0.4098992578444143]",0.4062374591152387,0.014115599406956305,0.43486612432862803,0.42210288994656564,0.021065148582182263,0.022059686726004696,0.10193068058438413,0.10465413514389212,0.14282751083374023,0.20669078826904297,"{'train': (2176, 8), 'test': (544, 8)}"
2025-09-21T04:03:49.482152,LightGBM,21,"{'boosting_type': 'gbdt', 'class_weight': None, 'colsample_bytree': 1.0, 'importance_type': 'split', 'learning_rate': 0.01, 'max_depth': 6, 'min_child_samples': 20, 'min_child_weight': 0.001, 'min_split_gain': 0.0, 'n_estimators': 50, 'n_jobs': None, 'num_leaves': 31, 'objective': None, 'random_state': 42, 'reg_alpha': 0.0, 'reg_lambda': 0.0, 'subsample': 0.6, 'subsample_for_bin': 200000, 'subsample_freq': 0}","[0.2551766431327991, 0.2843815890727397, 0.30618243842781223, 0.27963477941135695, 0.2783251692210382]",0.2807401238531492,0.01625494988372136,0.30458716514065154,0.293607924475324,0.025921246845919392,0.026964640626712534,0.11674488751987384,0.11834865529346829,0.15378999710083008,0.23769903182983398,"{'train': (2176, 8), 'test': (544, 8)}"
2025-09-21T04:03:49.808330,LightGBM,22,"{'boosting_type': 'gbdt', 'class_weight': None, 'colsample_bytree': 1.0, 'importance_type': 'split', 'learning_rate': 0.03, 'max_depth': 3, 'min_child_samples': 20, 'min_child_weight': 0.001, 'min_split_gain': 0.0, 'n_estimators': 100, 'n_jobs': None, 'num_leaves': 15, 'objective': None, 'random_state': 42, 'reg_alpha': 0.0, 'reg_lambda': 0.0, 'subsample': 0.6, 'subsample_for_bin': 200000, 'subsample_freq': 0}","[0.4136876739699248, 0.45612362309722254, 0.44387514770183034, 0.43236707729474044, 0.4352559169544249]",0.4362618878036287,0.013987329349162692,0.4602545461499178,0.4459277013835006,0.02011880489096885,0.02115023785100284,0.09835267666487434,0.1024665038238192,0.249434232711792,0.3241841793060303,"{'train': (2176, 8), 'test': (544, 8)}"
2025-09-21T04:03:50.074439,LightGBM,23,"{'boosting_type': 'gbdt', 'class_weight': None, 'colsample_bytree': 1.0, 'importance_type': 'split', 'learning_rate': 0.03, 'max_depth': 3, 'min_child_samples': 20, 'min_child_weight': 0.001, 'min_split_gain': 0.0, 'n_estimators': 100, 'n_jobs': None, 'num_leaves': 31, 'objective': None, 'random_state': 42, 'reg_alpha': 0.0, 'reg_lambda': 0.0, 'subsample': 0.7, 'subsample_for_bin': 200000, 'subsample_freq': 0}","[0.4136876739699248, 0.45612362309722254, 0.44387514770183034, 0.43236707729474044, 0.4352559169544249]",0.4362618878036287,0.013987329349162692,0.4602545461499178,0.4459277013835006,0.02011880489096885,0.02115023785100284,0.09835267666487434,0.1024665038238192,0.18637657165527344,0.2641160488128662,"{'train': (2176, 8), 'test': (544, 8)}"
2025-09-21T04:03:50.663197,LightGBM,24,"{'boosting_type': 'gbdt', 'class_weight': None, 'colsample_bytree': 1.0, 'importance_type': 'split', 'learning_rate': 0.01, 'max_depth': 3, 'min_child_samples': 20, 'min_child_weight': 0.001, 'min_split_gain': 0.0, 'n_estimators': 200, 'n_jobs': None, 'num_leaves': 15, 'objective': None, 'random_state': 42, 'reg_alpha': 0.0, 'reg_lambda': 0.0, 'subsample': 0.6, 'subsample_for_bin': 200000, 'subsample_freq': 0}","[0.3703792855818392, 0.42653341632132713, 0.41801381376990954, 0.40262521248641714, 0.40484718482595816]",0.4044797825970902,0.019162207970951407,0.4261928372599293,0.41360309464658274,0.02138844203292614,0.022384143827953958,0.10231648829558265,0.10553108510681522,0.4713132381439209,0.5877604484558105,"{'train': (2176, 8), 'test': (544, 8)}"
2025-09-21T04:03:50.808951,LightGBM,25,"{'boosting_type': 'gbdt', 'class_weight': None, 'colsample_bytree': 1.0, 'importance_type': 'split', 'learning_rate': 0.05, 'max_depth': 4, 'min_child_samples': 20, 'min_child_weight': 0.001, 'min_split_gain': 0.0, 'n_estimators': 50, 'n_jobs': None, 'num_leaves': 31, 'objective': None, 'random_state': 42, 'reg_alpha': 0.0, 'reg_lambda': 0.0, 'subsample': 0.6, 'subsample_for_bin': 200000, 'subsample_freq': 0}","[0.4307225672484679, 0.46597957321187344, 0.4713415583320709, 0.45554560239903086, 0.4596325891957391]",0.4566443780774364,0.014037307191673676,0.49079469205585546,0.4715315618765392,0.018980432659316957,0.020172878505148806,0.09561203039505536,0.09992972209172803,0.09592080116271973,0.14376044273376465,"{'train': (2176, 8), 'test': (544, 8)}"
2025-09-21T04:03:51.385033,LightGBM,26,"{'boosting_type': 'gbdt', 'class_weight': None, 'colsample_bytree': 1.0, 'importance_type': 'split', 'learning_rate': 0.05, 'max_depth': 5, 'min_child_samples': 20, 'min_child_weight': 0.001, 'min_split_gain': 0.0, 'n_estimators': 150, 'n_jobs': None, 'num_leaves': 50, 'objective': None, 'random_state': 42, 'reg_alpha': 0.0, 'reg_lambda': 0.0, 'subsample': 0.7, 'subsample_for_bin': 200000, 'subsample_freq': 0}","[0.4880389634251995, 0.5099191113251922, 0.5534532189288148, 0.5317135972199402, 0.5051317906800823]",0.5176513363158458,0.02268453629596326,0.5889687479165413,0.5395312967811089,0.015321032360292253,0.01757716929783425,0.08335764937265211,0.09136629019075893,0.3837244510650635,0.5352180004119873,"{'train': (2176, 8), 'test': (544, 8)}"
2025-09-21T04:03:51.794212,LightGBM,27,"{'boosting_type': 'gbdt', 'class_weight': None, 'colsample_bytree': 1.0, 'importance_type': 'split', 'learning_rate': 0.05, 'max_depth': 5, 'min_child_samples': 20, 'min_child_weight': 0.001, 'min_split_gain': 0.0, 'n_estimators': 150, 'n_jobs': None, 'num_leaves': 31, 'objective': None, 'random_state': 42, 'reg_alpha': 0.0, 'reg_lambda': 0.0, 'subsample': 0.7, 'subsample_for_bin': 200000, 'subsample_freq': 0}","[0.4880389634251995, 0.5099191113251922, 0.5534532189288148, 0.5317135972199402, 0.5051317906800823]",0.5176513363158458,0.02268453629596326,0.5889687479165413,0.5395312967811089,0.015321032360292253,0.01757716929783425,0.08335764937265211,0.09136629019075893,0.27857422828674316,0.40818285942077637,"{'train': (2176, 8), 'test': (544, 8)}"
2025-09-21T04:03:52.244312,LightGBM,28,"{'boosting_type': 'gbdt', 'class_weight': None, 'colsample_bytree': 1.0, 'importance_type': 'split', 'learning_rate': 0.01, 'max_depth': 4, 'min_child_samples': 20, 'min_child_weight': 0.001, 'min_split_gain': 0.0, 'n_estimators': 200, 'n_jobs': None, 'num_leaves': 50, 'objective': None, 'random_state': 42, 'reg_alpha': 0.0, 'reg_lambda': 0.0, 'subsample': 0.7, 'subsample_for_bin': 200000, 'subsample_freq': 0}","[0.4075025453920432, 0.4434025824478691, 0.4424232782986409, 0.43361248502943384, 0.439404507279717]",0.43326907968954076,0.013327887446807013,0.4659208349109506,0.4500817485135148,0.019907596149466838,0.020991668138957215,0.09835190807225966,0.10172484327721483,0.31494617462158203,0.4491086006164551,"{'train': (2176, 8), 'test': (544, 8)}"
2025-09-21T04:03:52.584182,LightGBM,29,"{'boosting_type': 'gbdt', 'class_weight': None, 'colsample_bytree': 1.0, 'importance_type': 'split', 'learning_rate': 0.01, 'max_depth': 6, 'min_child_samples': 20, 'min_child_weight': 0.001, 'min_split_gain': 0.0, 'n_estimators': 200, 'n_jobs': None, 'num_leaves': 15, 'objective': None, 'random_state': 42, 'reg_alpha': 0.0, 'reg_lambda': 0.0, 'subsample': 0.6, 'subsample_for_bin': 200000, 'subsample_freq': 0}","[0.4218559542339865, 0.4605569885370452, 0.4770512541270715, 0.4510172347855037, 0.4478456549021488]",0.45166541731715115,0.01803948759863378,0.48786846577364307,0.46283644900256904,0.019089506622272483,0.02050479133653379,0.09612064764906698,0.10058861869284555,0.21628451347351074,0.33887481689453125,"{'train': (2176, 8), 'test': (544, 8)}"
2025-09-21T04:03:52.923567,LightGBM,30,"{'boosting_type': 'gbdt', 'class_weight': None, 'colsample_bytree': 1.0, 'importance_type': 'split', 'learning_rate': 0.01, 'max_depth': 6, 'min_child_samples': 20, 'min_child_weight': 0.001, 'min_split_gain': 0.0, 'n_estimators': 100, 'n_jobs': None, 'num_leaves': 31, 'objective': None, 'random_state': 42, 'reg_alpha': 0.0, 'reg_lambda': 0.0, 'subsample': 0.6, 'subsample_for_bin': 200000, 'subsample_freq': 0}","[0.36841191559457354, 0.4039834466719143, 0.4219865266747135, 0.3908670618467289, 0.3865395591741857]",0.39435770199242326,0.017902506369307153,0.43064427580213127,0.4111706893388196,0.021222516367641008,0.022476994437770927,0.1029241531753477,0.10549954480933028,0.22625732421875,0.33838820457458496,"{'train': (2176, 8), 'test': (544, 8)}"
2025-09-21T04:03:53.323360,LightGBM,31,"{'boosting_type': 'gbdt', 'class_weight': None, 'colsample_bytree': 1.0, 'importance_type': 'split', 'learning_rate': 0.05, 'max_depth': 6, 'min_child_samples': 20, 'min_child_weight': 0.001, 'min_split_gain': 0.0, 'n_estimators': 200, 'n_jobs': None, 'num_leaves': 15, 'objective': None, 'random_state': 42, 'reg_alpha': 0.0, 'reg_lambda': 0.0, 'subsample': 0.7, 'subsample_for_bin': 200000, 'subsample_freq': 0}","[0.5082400027805538, 0.5153355217198057, 0.5707262333677952, 0.5384168000372815, 0.5144543732562727]",0.5294345862323417,0.02305680401368885,0.5978471883430843,0.5456943844998026,0.014990091896776424,0.01734190979925898,0.08233592132182377,0.09091881658547349,0.24377942085266113,0.36590027809143066,"{'train': (2176, 8), 'test': (544, 8)}"
2025-09-21T04:03:53.444456,LightGBM,32,"{'boosting_type': 'gbdt', 'class_weight': None, 'colsample_bytree': 1.0, 'importance_type': 'split', 'learning_rate': 0.01, 'max_depth': 3, 'min_child_samples': 20, 'min_child_weight': 0.001, 'min_split_gain': 0.0, 'n_estimators': 50, 'n_jobs': None, 'num_leaves': 50, 'objective': None, 'random_state': 42, 'reg_alpha': 0.0, 'reg_lambda': 0.0, 'subsample': 0.7, 'subsample_for_bin': 200000, 'subsample_freq': 0}","[0.20699080269799996, 0.23691718407964135, 0.24413912769100532, 0.2291253883590283, 0.23180858625903877]",0.22979621781734272,0.012498110431786297,0.2419908553817327,0.23553820800608816,0.028254500297062186,0.0291812977639334,0.12261247483690534,0.12361358339173494,0.08222627639770508,0.12009954452514648,"{'train': (2176, 8), 'test': (544, 8)}"
2025-09-21T04:03:53.689143,LightGBM,33,"{'boosting_type': 'gbdt', 'class_weight': None, 'colsample_bytree': 1.0, 'importance_type': 'split', 'learning_rate': 0.01, 'max_depth': 6, 'min_child_samples': 20, 'min_child_weight': 0.001, 'min_split_gain': 0.0, 'n_estimators': 50, 'n_jobs': None, 'num_leaves': 50, 'objective': None, 'random_state': 42, 'reg_alpha': 0.0, 'reg_lambda': 0.0, 'subsample': 0.6, 'subsample_for_bin': 200000, 'subsample_freq': 0}","[0.2558255379720945, 0.28460574652321147, 0.306180483229593, 0.2800476836007193, 0.2794246071116302]",0.2812168116874497,0.01602476467719831,0.3049150571599064,0.2934016468580811,0.025909024796592923,0.02697251472667913,0.11673410947087826,0.1183941408717292,0.15897440910339355,0.24369072914123535,"{'train': (2176, 8), 'test': (544, 8)}"
2025-09-21T04:03:54.384466,LightGBM,34,"{'boosting_type': 'gbdt', 'class_weight': None, 'colsample_bytree': 1.0, 'importance_type': 'split', 'learning_rate': 0.01, 'max_depth': 6, 'min_child_samples': 20, 'min_child_weight': 0.001, 'min_split_gain': 0.0, 'n_estimators': 200, 'n_jobs': None, 'num_leaves': 50, 'objective': None, 'random_state': 42, 'reg_alpha': 0.0, 'reg_lambda': 0.0, 'subsample': 0.6, 'subsample_for_bin': 200000, 'subsample_freq': 0}","[0.44351440071057235, 0.47882251658570407, 0.49181686676496683, 0.47058828617053017, 0.47138942101241876]",0.4712262982488385,0.015811748660145942,0.5233712673450336,0.49603808034708585,0.017766153303031777,0.01923740727540807,0.09162829020480039,0.09628642505310617,0.5412178039550781,0.6943259239196777,"{'train': (2176, 8), 'test': (544, 8)}"
2025-09-21T04:03:54.753443,LightGBM,35,"{'boosting_type': 'gbdt', 'class_weight': None, 'colsample_bytree': 1.0, 'importance_type': 'split', 'learning_rate': 0.03, 'max_depth': 6, 'min_child_samples': 20, 'min_child_weight': 0.001, 'min_split_gain': 0.0, 'n_estimators': 100, 'n_jobs': None, 'num_leaves': 50, 'objective': None, 'random_state': 42, 'reg_alpha': 0.0, 'reg_lambda': 0.0, 'subsample': 0.6, 'subsample_for_bin': 200000, 'subsample_freq': 0}","[0.4677131046385433, 0.491594418361033, 0.5304774818087925, 0.5025062006191011, 0.4992159130384546]",0.4983014236931849,0.02017148650314275,0.5600329073560426,0.5257175969814534,0.016399604725173263,0.018104470585219648,0.0871911748256309,0.09289910188825455,0.25644731521606445,0.3679811954498291,"{'train': (2176, 8), 'test': (544, 8)}"
2025-09-21T04:03:55.258533,LightGBM,36,"{'boosting_type': 'gbdt', 'class_weight': None, 'colsample_bytree': 1.0, 'importance_type': 'split', 'learning_rate': 0.05, 'max_depth': 4, 'min_child_samples': 20, 'min_child_weight': 0.001, 'min_split_gain': 0.0, 'n_estimators': 150, 'n_jobs': None, 'num_leaves': 15, 'objective': None, 'random_state': 42, 'reg_alpha': 0.0, 'reg_lambda': 0.0, 'subsample': 0.6, 'subsample_for_bin': 200000, 'subsample_freq': 0}","[0.48147497900634195, 0.503504448412845, 0.5267847135957482, 0.5109067573646611, 0.5000345979819601]",0.5045410992723113,0.014756212821229133,0.5603593028803155,0.5224607105098473,0.01638743845712359,0.01822879357285173,0.0868997777896922,0.09388894139706283,0.3565537929534912,0.4662201404571533,"{'train': (2176, 8), 'test': (544, 8)}"
2025-09-21T04:03:55.460365,LightGBM,37,"{'boosting_type': 'gbdt', 'class_weight': None, 'colsample_bytree': 1.0, 'importance_type': 'split', 'learning_rate': 0.01, 'max_depth': 6, 'min_child_samples': 20, 'min_child_weight': 0.001, 'min_split_gain': 0.0, 'n_estimators': 50, 'n_jobs': None, 'num_leaves': 31, 'objective': None, 'random_state': 42, 'reg_alpha': 0.0, 'reg_lambda': 0.0, 'subsample': 0.7, 'subsample_for_bin': 200000, 'subsample_freq': 0}","[0.2551766431327991, 0.2843815890727397, 0.30618243842781223, 0.27963477941135695, 0.2783251692210382]",0.2807401238531492,0.01625494988372136,0.30458716514065154,0.293607924475324,0.025921246845919392,0.026964640626712534,0.11674488751987384,0.11834865529346829,0.12807774543762207,0.2008349895477295,"{'train': (2176, 8), 'test': (544, 8)}"
2025-09-21T04:03:55.786296,LightGBM,38,"{'boosting_type': 'gbdt', 'class_weight': None, 'colsample_bytree': 1.0, 'importance_type': 'split', 'learning_rate': 0.03, 'max_depth': 3, 'min_child_samples': 20, 'min_child_weight': 0.001, 'min_split_gain': 0.0, 'n_estimators': 150, 'n_jobs': None, 'num_leaves': 15, 'objective': None, 'random_state': 42, 'reg_alpha': 0.0, 'reg_lambda': 0.0, 'subsample': 0.6, 'subsample_for_bin': 200000, 'subsample_freq': 0}","[0.4406046131581821, 0.4798347818410579, 0.46788572468249423, 0.4523841770152872, 0.4541826628448381]",0.4589783919083719,0.013552918586349784,0.49287635729429347,0.4698252321981825,0.018902839385521494,0.020238013106968072,0.09490197659184944,0.09984695062918938,0.23223614692687988,0.3249351978302002,"{'train': (2176, 8), 'test': (544, 8)}"
2025-09-21T04:03:56.149672,LightGBM,39,"{'boosting_type': 'gbdt', 'class_weight': None, 'colsample_bytree': 1.0, 'importance_type': 'split', 'learning_rate': 0.03, 'max_depth': 3, 'min_child_samples': 20, 'min_child_weight': 0.001, 'min_split_gain': 0.0, 'n_estimators': 200, 'n_jobs': None, 'num_leaves': 15, 'objective': None, 'random_state': 42, 'reg_alpha': 0.0, 'reg_lambda': 0.0, 'subsample': 0.6, 'subsample_for_bin': 200000, 'subsample_freq': 0}","[0.4490718822124373, 0.49035343647486085, 0.4767878964329536, 0.4665889667349249, 0.4658472271860573]",0.46972988180824676,0.013614990850109946,0.5102803222789591,0.4804835265049838,0.018254113262201527,0.01983116104048195,0.09301494964399165,0.09861660425057618,0.24918103218078613,0.3613877296447754,"{'train': (2176, 8), 'test': (544, 8)}"
2025-09-21T04:03:56.348395,LightGBM,40,"{'boosting_type': 'gbdt', 'class_weight': None, 'colsample_bytree': 1.0, 'importance_type': 'split', 'learning_rate': 0.03, 'max_depth': 3, 'min_child_samples': 20, 'min_child_weight': 0.001, 'min_split_gain': 0.0, 'n_estimators': 100, 'n_jobs': None, 'num_leaves': 31, 'objective': None, 'random_state': 42, 'reg_alpha': 0.0, 'reg_lambda': 0.0, 'subsample': 0.6, 'subsample_for_bin': 200000, 'subsample_freq': 0}","[0.4136876739699248, 0.45612362309722254, 0.44387514770183034, 0.43236707729474044, 0.4352559169544249]",0.4362618878036287,0.013987329349162692,0.4602545461499178,0.4459277013835006,0.02011880489096885,0.02115023785100284,0.09835267666487434,0.1024665038238192,0.13095808029174805,0.19773507118225098,"{'train': (2176, 8), 'test': (544, 8)}"
