model,config_id,config,cv_mean,cv_std,test_r2,test_mse,test_rmse,test_mae,training_time,n_samples,n_features
RandomForest,1,"{'n_estimators': 50, 'max_depth': 3, 'min_samples_split': 2, 'random_state': 42, 'min_samples_leaf': 1, 'max_features': 'sqrt', 'bootstrap': False}",0.36755461078780477,0.02490823824265262,0.3562776892039784,0.02140265818234565,0.14629647358137396,0.11032832066206504,0.044835805892944336,2660,13
RandomForest,2,"{'n_estimators': 50, 'max_depth': 3, 'min_samples_split': 3, 'random_state': 42, 'bootstrap': True}",0.44831827304942584,0.03478212472684957,0.487528545919927,0.017038793243506194,0.13053272862966664,0.09811116168092832,0.08975791931152344,2660,13
RandomForest,3,"{'n_estimators': 50, 'max_depth': 3, 'min_samples_split': 4, 'random_state': 42, 'bootstrap': True}",0.44831827304942584,0.03478212472684957,0.487528545919927,0.017038793243506194,0.13053272862966664,0.09811116168092832,0.08571529388427734,2660,13
RandomForest,4,"{'n_estimators': 50, 'max_depth': 3, 'min_samples_split': 5, 'random_state': 42, 'bootstrap': True}",0.44831827304942584,0.03478212472684957,0.487528545919927,0.017038793243506194,0.13053272862966664,0.09811116168092832,0.08878588676452637,2660,13
RandomForest,5,"{'n_estimators': 50, 'max_depth': 3, 'min_samples_split': 6, 'random_state': 42, 'bootstrap': True}",0.44831827304942584,0.03478212472684957,0.487528545919927,0.017038793243506194,0.13053272862966664,0.09811116168092832,0.08613944053649902,2660,13
RandomForest,6,"{'n_estimators': 50, 'max_depth': 4, 'min_samples_split': 2, 'random_state': 42, 'bootstrap': True}",0.5199072667296333,0.030796290631019463,0.5480321358706363,0.015027153080034893,0.12258528900335021,0.08980167382152303,0.10916590690612793,2660,13
RandomForest,7,"{'n_estimators': 50, 'max_depth': 4, 'min_samples_split': 3, 'random_state': 42, 'bootstrap': True}",0.5199538835001389,0.03079031705571853,0.5480321358706363,0.015027153080034893,0.12258528900335021,0.08980167382152303,0.11177515983581543,2660,13
RandomForest,8,"{'n_estimators': 50, 'max_depth': 4, 'min_samples_split': 4, 'random_state': 42, 'bootstrap': True}",0.520147732686357,0.030740155460658936,0.5480352788590483,0.015027048581083209,0.1225848627730325,0.08980559697055261,0.11609029769897461,2660,13
RandomForest,9,"{'n_estimators': 50, 'max_depth': 4, 'min_samples_split': 5, 'random_state': 42, 'bootstrap': True}",0.5201403063996619,0.030761159786663054,0.5479850932171646,0.015028717167243555,0.1225916684250751,0.0898361026735179,0.10763859748840332,2660,13
RandomForest,10,"{'n_estimators': 50, 'max_depth': 4, 'min_samples_split': 6, 'random_state': 42, 'bootstrap': True}",0.5200781273728771,0.030773708963313162,0.5479850932171646,0.015028717167243555,0.1225916684250751,0.0898361026735179,0.10756492614746094,2660,13
RandomForest,11,"{'n_estimators': 50, 'max_depth': 5, 'min_samples_split': 2, 'random_state': 42, 'min_samples_leaf': 3, 'bootstrap': True}",0.5840080019512162,0.02395257849068347,0.5955488674464566,0.013447303590894213,0.11596250941961464,0.08308818635630927,0.12758779525756836,2660,13
RandomForest,12,"{'n_estimators': 50, 'max_depth': 5, 'min_samples_split': 3, 'random_state': 42, 'bootstrap': True}",0.5837307561170724,0.02391820760968884,0.5946851271918169,0.01347602146678316,0.1160862673479648,0.08306935576887513,0.12949633598327637,2660,13
RandomForest,13,"{'n_estimators': 50, 'max_depth': 5, 'min_samples_split': 4, 'random_state': 42, 'bootstrap': True}",0.5839792643476539,0.023878754770016476,0.5946545034231403,0.013477039654349827,0.11609065274323263,0.08306822693647706,0.12959957122802734,2660,13
RandomForest,14,"{'n_estimators': 50, 'max_depth': 5, 'min_samples_split': 5, 'random_state': 42, 'bootstrap': True}",0.5841113363256396,0.024043014477820673,0.5946944490647779,0.013475711530561815,0.11608493240107355,0.08303301771962195,0.1271209716796875,2660,13
RandomForest,15,"{'n_estimators': 50, 'max_depth': 5, 'min_samples_split': 6, 'random_state': 42, 'bootstrap': True}",0.5840047236672008,0.02420935517818708,0.5947160224180007,0.013474994253721893,0.11608184291146438,0.08304188795198575,0.1265702247619629,2660,13
RandomForest,16,"{'n_estimators': 50, 'max_depth': 6, 'min_samples_split': 2, 'random_state': 42, 'max_features': 0.4, 'bootstrap': True}",0.6403286612877136,0.020178634627477772,0.6445959931901921,0.011816571131393781,0.10870405296673064,0.07938979278517935,0.08795285224914551,2660,13
RandomForest,17,"{'n_estimators': 50, 'max_depth': 6, 'min_samples_split': 3, 'random_state': 42, 'bootstrap': True}",0.6387435476441143,0.024305059130183427,0.6466636920611885,0.011747823705030335,0.10838737797838979,0.07622444622413158,0.15444540977478027,2660,13
RandomForest,18,"{'n_estimators': 50, 'max_depth': 6, 'min_samples_split': 4, 'random_state': 42, 'bootstrap': True}",0.6389808216200124,0.02402890414275442,0.6467321372939954,0.011745548018919402,0.1083768795404232,0.07624400226077196,0.15846824645996094,2660,13
RandomForest,19,"{'n_estimators': 50, 'max_depth': 6, 'min_samples_split': 5, 'random_state': 42, 'bootstrap': True}",0.6386064068881978,0.024291801731750884,0.6464720310415986,0.011754196103843248,0.10841677039943243,0.07622085610192707,0.15256214141845703,2660,13
RandomForest,20,"{'n_estimators': 50, 'max_depth': 6, 'min_samples_split': 6, 'random_state': 42, 'bootstrap': True}",0.6384040420643212,0.024240034555332433,0.646444951880245,0.011755096439321133,0.1084209225164642,0.07621409318074067,0.15341544151306152,2660,13
RandomForest,21,"{'n_estimators': 50, 'max_depth': 7, 'min_samples_split': 2, 'random_state': 42, 'min_samples_leaf': 5, 'bootstrap': True}",0.6740063704121523,0.026011788851742046,0.6856176621971191,0.010452671286538496,0.10223830635597646,0.07135655970263607,0.16950511932373047,2660,13
RandomForest,22,"{'n_estimators': 50, 'max_depth': 7, 'min_samples_split': 3, 'random_state': 42, 'bootstrap': True}",0.6851691449309939,0.024812929771657964,0.6932682122010194,0.01019830367507892,0.10098665097466555,0.0706359345632281,0.18237543106079102,2660,13
RandomForest,23,"{'n_estimators': 50, 'max_depth': 7, 'min_samples_split': 4, 'random_state': 42, 'bootstrap': True}",0.6850045567139305,0.024370744948673098,0.6928128250465373,0.01021344451367431,0.10106158772587293,0.07070817527196606,0.18139171600341797,2660,13
RandomForest,24,"{'n_estimators': 50, 'max_depth': 7, 'min_samples_split': 5, 'random_state': 42, 'bootstrap': True}",0.6844598552571279,0.02410308556113357,0.6916437539193818,0.010252314115217894,0.10125371161205843,0.07084952882397778,0.1793534755706787,2660,13
RandomForest,25,"{'n_estimators': 50, 'max_depth': 7, 'min_samples_split': 6, 'random_state': 42, 'bootstrap': True}",0.683719845638062,0.024366187183745683,0.6905089947279512,0.010290042903992406,0.10143984869858791,0.07086214899406794,0.17640924453735352,2660,13
RandomForest,26,"{'n_estimators': 50, 'max_depth': 8, 'min_samples_split': 2, 'random_state': 42, 'bootstrap': False}",0.6390496870027228,0.029991012817619903,0.6421532856917225,0.011897786948761598,0.10907697717099424,0.07482882818027677,0.24717211723327637,2660,13
RandomForest,27,"{'n_estimators': 50, 'max_depth': 8, 'min_samples_split': 3, 'random_state': 42, 'bootstrap': True}",0.7217827149816184,0.021790635517589276,0.7241210493181012,0.009172499977276488,0.09577316940185539,0.06670342844302315,0.2295224666595459,2660,13
RandomForest,28,"{'n_estimators': 50, 'max_depth': 8, 'min_samples_split': 4, 'random_state': 42, 'bootstrap': True}",0.7204618338034909,0.021843716839589408,0.7228406170780735,0.009215072144031248,0.0959951672951886,0.06708971653616128,0.22519326210021973,2660,13
RandomForest,29,"{'n_estimators': 50, 'max_depth': 8, 'min_samples_split': 5, 'random_state': 42, 'bootstrap': True}",0.7187562583479868,0.020924320948502387,0.7216850460579249,0.00925349289026743,0.09619507726628962,0.06716259090386972,0.23420119285583496,2660,13
RandomForest,30,"{'n_estimators': 50, 'max_depth': 8, 'min_samples_split': 6, 'random_state': 42, 'bootstrap': True}",0.7176521940734891,0.02168854242018187,0.7212792107217489,0.009266986216244824,0.09626518693819082,0.06720276404332028,0.21925902366638184,2660,13
RandomForest,31,"{'n_estimators': 50, 'max_depth': 10, 'min_samples_split': 2, 'random_state': 42, 'min_samples_leaf': 8, 'max_features': 'sqrt', 'bootstrap': True}",0.6537371662829511,0.022303772487351856,0.6479171551967591,0.0117061482145512,0.10819495466310432,0.07821771672180607,0.08671116828918457,2660,13
RandomForest,32,"{'n_estimators': 50, 'max_depth': 10, 'min_samples_split': 3, 'random_state': 42, 'bootstrap': True}",0.7565619674801157,0.016448082634507543,0.7553811908594601,0.00813315410884743,0.09018400140184195,0.06199215521641997,0.3199295997619629,2660,13
RandomForest,33,"{'n_estimators': 50, 'max_depth': 10, 'min_samples_split': 4, 'random_state': 42, 'bootstrap': True}",0.7538931496383289,0.015905484653809143,0.7534098613634135,0.008198697419466083,0.09054665879791525,0.06231146608330262,0.2900204658508301,2660,13
RandomForest,34,"{'n_estimators': 50, 'max_depth': 10, 'min_samples_split': 5, 'random_state': 42, 'bootstrap': True}",0.7514567090853181,0.015717668810071694,0.7516318778910486,0.008257812307787772,0.09087250578578634,0.06240415685191333,0.2929348945617676,2660,13
RandomForest,35,"{'n_estimators': 50, 'max_depth': 10, 'min_samples_split': 6, 'random_state': 42, 'bootstrap': True}",0.7490977025153285,0.01624673108405422,0.7495447065421084,0.008327207160506353,0.09125353231796758,0.0626722180195349,0.299058198928833,2660,13
RandomForest,36,"{'n_estimators': 50, 'max_depth': 12, 'min_samples_split': 2, 'random_state': 42, 'bootstrap': True}",0.7648197088892732,0.01682607871748944,0.7631731014045943,0.007874086502850215,0.08873604962387167,0.059728991133639185,4.130702018737793,2660,13
RandomForest,37,"{'n_estimators': 50, 'max_depth': 12, 'min_samples_split': 3, 'random_state': 42, 'bootstrap': True}",0.76483061783601,0.01665302433729389,0.7612446805942075,0.007938203173570222,0.08909659462387001,0.05974424530583215,0.4973175525665283,2660,13
RandomForest,38,"{'n_estimators': 50, 'max_depth': 12, 'min_samples_split': 4, 'random_state': 42, 'bootstrap': True}",0.7630223758108234,0.0146330628698832,0.762078647402373,0.007910475213499184,0.08894085233175576,0.05999574823853725,0.34707069396972656,2660,13
RandomForest,39,"{'n_estimators': 50, 'max_depth': 12, 'min_samples_split': 5, 'random_state': 42, 'bootstrap': True}",0.7605660131328259,0.0142045056978489,0.7598761415650114,0.007983704739322795,0.08935157938907848,0.06031665373630136,0.3308897018432617,2660,13
RandomForest,40,"{'n_estimators': 50, 'max_depth': 12, 'min_samples_split': 6, 'random_state': 42, 'bootstrap': True}",0.7585348151781003,0.01503844992909725,0.7585752531623712,0.008026957038253768,0.089593286792336,0.06056303180805695,0.3192782402038574,2660,13
RandomForest,41,"{'n_estimators': 80, 'max_depth': 3, 'min_samples_split': 2, 'random_state': 42, 'min_samples_leaf': 1, 'bootstrap': True}",0.44943758043106996,0.03296677173636866,0.48802955313149277,0.01702213561658198,0.13046890670417216,0.0979377854504966,0.14241814613342285,2660,13
RandomForest,42,"{'n_estimators': 80, 'max_depth': 3, 'min_samples_split': 3, 'random_state': 42, 'bootstrap': True}",0.44943758043106996,0.03296677173636866,0.48802955313149277,0.01702213561658198,0.13046890670417216,0.0979377854504966,0.15556097030639648,2660,13
RandomForest,43,"{'n_estimators': 80, 'max_depth': 3, 'min_samples_split': 4, 'random_state': 42, 'bootstrap': True}",0.44943758043106996,0.03296677173636866,0.48802955313149277,0.01702213561658198,0.13046890670417216,0.0979377854504966,0.15045404434204102,2660,13
RandomForest,44,"{'n_estimators': 80, 'max_depth': 3, 'min_samples_split': 5, 'random_state': 42, 'bootstrap': True}",0.44943758043106996,0.03296677173636866,0.48802955313149277,0.01702213561658198,0.13046890670417216,0.0979377854504966,0.14650869369506836,2660,13
RandomForest,45,"{'n_estimators': 80, 'max_depth': 3, 'min_samples_split': 6, 'random_state': 42, 'bootstrap': True}",0.44943758043106996,0.03296677173636866,0.48802955313149277,0.01702213561658198,0.13046890670417216,0.0979377854504966,0.14972567558288574,2660,13
RandomForest,46,"{'n_estimators': 80, 'max_depth': 4, 'min_samples_split': 2, 'random_state': 42, 'max_features': 0.4, 'bootstrap': True}",0.4996203529709563,0.023587321945382312,0.492074489650129,0.016887648443734728,0.1299524853311191,0.0966462955345086,0.1171271800994873,2660,13
RandomForest,47,"{'n_estimators': 80, 'max_depth': 4, 'min_samples_split': 3, 'random_state': 42, 'bootstrap': True}",0.5196442162754163,0.02829019707497817,0.5504331296183682,0.014947324173037544,0.12225924984653531,0.08958479856329994,0.18139171600341797,2660,13
RandomForest,48,"{'n_estimators': 80, 'max_depth': 4, 'min_samples_split': 4, 'random_state': 42, 'bootstrap': True}",0.5197601343592131,0.028262400069523325,0.5504378836833214,0.014947166108565545,0.12225860341327945,0.08958316391787094,0.1823885440826416,2660,13
RandomForest,49,"{'n_estimators': 80, 'max_depth': 4, 'min_samples_split': 5, 'random_state': 42, 'bootstrap': True}",0.519730863625782,0.02827792282628198,0.5504154856863462,0.014947910803389986,0.12226164894761557,0.08959110049922407,0.183366060256958,2660,13
RandomForest,50,"{'n_estimators': 80, 'max_depth': 4, 'min_samples_split': 6, 'random_state': 42, 'bootstrap': True}",0.5196680395528548,0.028274974482680938,0.5504014817545031,0.014948376410005479,0.12226355307288218,0.08959500385567687,0.1806633472442627,2660,13
RandomForest,51,"{'n_estimators': 80, 'max_depth': 5, 'min_samples_split': 2, 'random_state': 42, 'min_samples_leaf': 3, 'bootstrap': False}",0.5175261177042352,0.015750346782857087,0.5082242761369956,0.016350695857038078,0.1278698395128346,0.09124298819681116,0.29448580741882324,2660,13
RandomForest,52,"{'n_estimators': 80, 'max_depth': 5, 'min_samples_split': 3, 'random_state': 42, 'bootstrap': True}",0.5834770548148034,0.021712592035511163,0.5967732935672102,0.013406593531148701,0.11578684524223251,0.08272996270135434,0.2262430191040039,2660,13
RandomForest,53,"{'n_estimators': 80, 'max_depth': 5, 'min_samples_split': 4, 'random_state': 42, 'bootstrap': True}",0.583598761873527,0.02172563731638085,0.5967627600391948,0.01340694375281383,0.11578835758751321,0.08272637819541426,0.21230268478393555,2660,13
RandomForest,54,"{'n_estimators': 80, 'max_depth': 5, 'min_samples_split': 5, 'random_state': 42, 'bootstrap': True}",0.5836990433080952,0.02194269881919023,0.5969074142689901,0.01340213424880408,0.11576758721163743,0.08268147945058857,0.21430253982543945,2660,13
RandomForest,55,"{'n_estimators': 80, 'max_depth': 5, 'min_samples_split': 6, 'random_state': 42, 'bootstrap': True}",0.5835702664546039,0.02201658658395761,0.5968674788706474,0.013403462032020183,0.11577332176291817,0.08268442671927638,0.21718597412109375,2660,13
RandomForest,56,"{'n_estimators': 80, 'max_depth': 6, 'min_samples_split': 2, 'random_state': 42, 'bootstrap': True}",0.6385583000094119,0.023212579938476426,0.6488224605113353,0.011676048372004843,0.10805576510304687,0.07599114995301369,0.25675296783447266,2660,13
RandomForest,57,"{'n_estimators': 80, 'max_depth': 6, 'min_samples_split': 3, 'random_state': 42, 'bootstrap': True}",0.6386423588575558,0.02308986749288298,0.6490058057177306,0.011669952459658732,0.10802755416864131,0.07594901916868708,0.268174409866333,2660,13
RandomForest,58,"{'n_estimators': 80, 'max_depth': 6, 'min_samples_split': 4, 'random_state': 42, 'bootstrap': True}",0.6387042312705338,0.022715953393973996,0.6488597472088637,0.011674808653529087,0.10805002847537379,0.07595730463711159,0.33487725257873535,2660,13
RandomForest,59,"{'n_estimators': 80, 'max_depth': 6, 'min_samples_split': 5, 'random_state': 42, 'bootstrap': True}",0.6382752724450259,0.0228624757408243,0.6490837637434541,0.011667360489566736,0.10801555670164709,0.07591916688669327,0.2611234188079834,2660,13
RandomForest,60,"{'n_estimators': 80, 'max_depth': 6, 'min_samples_split': 6, 'random_state': 42, 'bootstrap': True}",0.6380283983532538,0.022827030303733044,0.6489082784536317,0.011673195073223551,0.10804256139699554,0.07591147829797469,0.2601284980773926,2660,13
RandomForest,61,"{'n_estimators': 80, 'max_depth': 7, 'min_samples_split': 2, 'random_state': 42, 'min_samples_leaf': 5, 'max_features': 'sqrt', 'bootstrap': True}",0.6316150339107066,0.02231275792087454,0.6286140676947148,0.012347942629225561,0.1111212969201924,0.08172513540185164,0.1215200424194336,2660,13
RandomForest,62,"{'n_estimators': 80, 'max_depth': 7, 'min_samples_split': 3, 'random_state': 42, 'bootstrap': True}",0.6864210737649173,0.02261886137649083,0.6937691788308782,0.010181647397426573,0.10090414955504344,0.0702023310427263,0.29700541496276855,2660,13
RandomForest,63,"{'n_estimators': 80, 'max_depth': 7, 'min_samples_split': 4, 'random_state': 42, 'bootstrap': True}",0.6862874250356722,0.022243646281046078,0.6933433014210753,0.010195807087834574,0.10097428924154195,0.070233593853555,0.3014862537384033,2660,13
RandomForest,64,"{'n_estimators': 80, 'max_depth': 7, 'min_samples_split': 5, 'random_state': 42, 'bootstrap': True}",0.6854924276027945,0.022198538553666835,0.6929910837939108,0.010207517717330505,0.10103226077511333,0.07030252438674979,0.30383825302124023,2660,13
RandomForest,65,"{'n_estimators': 80, 'max_depth': 7, 'min_samples_split': 6, 'random_state': 42, 'bootstrap': True}",0.6844116996952432,0.022328891912546982,0.6918361884426705,0.010245915998739164,0.1012221122025181,0.07039269384143036,0.3180084228515625,2660,13
RandomForest,66,"{'n_estimators': 80, 'max_depth': 8, 'min_samples_split': 2, 'random_state': 42, 'bootstrap': True}",0.7237607720207111,0.02066807667004343,0.7247136412379807,0.009152797316532728,0.09567025303892912,0.06626518723265533,0.36271214485168457,2660,13
RandomForest,67,"{'n_estimators': 80, 'max_depth': 8, 'min_samples_split': 3, 'random_state': 42, 'bootstrap': True}",0.7223131149975659,0.02033708807758152,0.7252840963200796,0.009133830667519978,0.09557107652171748,0.06615447694117757,0.380678653717041,2660,13
RandomForest,68,"{'n_estimators': 80, 'max_depth': 8, 'min_samples_split': 4, 'random_state': 42, 'bootstrap': True}",0.7209698894745119,0.02025502943044588,0.7236872586453762,0.009186922770048015,0.0958484364507216,0.0665334842052639,0.34987735748291016,2660,13
RandomForest,69,"{'n_estimators': 80, 'max_depth': 8, 'min_samples_split': 5, 'random_state': 42, 'bootstrap': True}",0.719011649068716,0.01997076979678225,0.7230624707838418,0.009207695890402294,0.09595673968201657,0.0666033377478101,0.35787320137023926,2660,13
RandomForest,70,"{'n_estimators': 80, 'max_depth': 8, 'min_samples_split': 6, 'random_state': 42, 'bootstrap': True}",0.71766173403273,0.02047833976358814,0.7225970026611842,0.009223171903827555,0.09603734640142633,0.06671373033854121,0.351346492767334,2660,13
RandomForest,71,"{'n_estimators': 80, 'max_depth': 10, 'min_samples_split': 2, 'random_state': 42, 'min_samples_leaf': 8, 'bootstrap': True}",0.6926141485258687,0.027159191210343565,0.7025413716856079,0.009889987092927838,0.0994484142303327,0.0683384042550023,0.3178591728210449,2660,13
RandomForest,72,"{'n_estimators': 80, 'max_depth': 10, 'min_samples_split': 3, 'random_state': 42, 'bootstrap': True}",0.7576858853922561,0.016227544362554316,0.7531810759780286,0.00820630413950419,0.0905886534810193,0.06182738515972861,0.4714086055755615,2660,13
RandomForest,73,"{'n_estimators': 80, 'max_depth': 10, 'min_samples_split': 4, 'random_state': 42, 'bootstrap': True}",0.7552979351629331,0.015454422217474197,0.7513959310485848,0.008265657133939923,0.09091565945391324,0.06218030989703404,0.4568922519683838,2660,13
RandomForest,74,"{'n_estimators': 80, 'max_depth': 10, 'min_samples_split': 5, 'random_state': 42, 'bootstrap': True}",0.7527798401457011,0.015488859618867144,0.7504156913176164,0.008298248416775417,0.09109472222239562,0.06226569408360922,0.4687206745147705,2660,13
RandomForest,75,"{'n_estimators': 80, 'max_depth': 10, 'min_samples_split': 6, 'random_state': 42, 'bootstrap': True}",0.7506581988389363,0.015604357075399405,0.7479518780487155,0.008380165964660633,0.09154324641753007,0.06272319282635333,0.44048619270324707,2660,13
RandomForest,76,"{'n_estimators': 80, 'max_depth': 12, 'min_samples_split': 2, 'random_state': 42, 'max_features': 0.4, 'bootstrap': False}",0.7731401366297213,0.02624129642527332,0.7756568888245008,0.0074590220713581235,0.08636563015087728,0.05815390958029335,0.4194045066833496,2660,13
RandomForest,77,"{'n_estimators': 80, 'max_depth': 12, 'min_samples_split': 3, 'random_state': 42, 'bootstrap': True}",0.7664289473722729,0.015746883166947136,0.7602145635134023,0.007972452792386453,0.08928859273382268,0.059672911411399555,0.6468396186828613,2660,13
RandomForest,78,"{'n_estimators': 80, 'max_depth': 12, 'min_samples_split': 4, 'random_state': 42, 'bootstrap': True}",0.7646572752133058,0.013698203685225563,0.7601504806748774,0.00797458343640065,0.08930052315860558,0.05996379401834297,0.5471677780151367,2660,13
RandomForest,79,"{'n_estimators': 80, 'max_depth': 12, 'min_samples_split': 5, 'random_state': 42, 'bootstrap': True}",0.7618283469482239,0.01411322234827296,0.7587184846796589,0.008022194836984626,0.08956670607421391,0.06029324012683631,0.573859453201294,2660,13
RandomForest,80,"{'n_estimators': 80, 'max_depth': 12, 'min_samples_split': 6, 'random_state': 42, 'bootstrap': True}",0.7599842598170413,0.014365061923200764,0.7572110063332295,0.008072315895746777,0.08984606778121554,0.06064539337419796,0.5611028671264648,2660,13
RandomForest,81,"{'n_estimators': 100, 'max_depth': 3, 'min_samples_split': 2, 'random_state': 42, 'min_samples_leaf': 1, 'bootstrap': True}",0.44943090230674637,0.032390987025590665,0.4869783758117534,0.01705708545207175,0.13060277735205997,0.09809705467185997,0.18240880966186523,2660,13
RandomForest,82,"{'n_estimators': 100, 'max_depth': 3, 'min_samples_split': 3, 'random_state': 42, 'bootstrap': True}",0.44943090230674637,0.032390987025590665,0.4869783758117534,0.01705708545207175,0.13060277735205997,0.09809705467185997,0.19135808944702148,2660,13
RandomForest,83,"{'n_estimators': 100, 'max_depth': 3, 'min_samples_split': 4, 'random_state': 42, 'bootstrap': True}",0.44943090230674637,0.032390987025590665,0.4869783758117534,0.01705708545207175,0.13060277735205997,0.09809705467185997,0.17836451530456543,2660,13
RandomForest,84,"{'n_estimators': 100, 'max_depth': 3, 'min_samples_split': 5, 'random_state': 42, 'bootstrap': True}",0.44943090230674637,0.032390987025590665,0.4869783758117534,0.01705708545207175,0.13060277735205997,0.09809705467185997,0.213287353515625,2660,13
RandomForest,85,"{'n_estimators': 100, 'max_depth': 3, 'min_samples_split': 6, 'random_state': 42, 'bootstrap': True}",0.44943090230674637,0.032390987025590665,0.4869783758117534,0.01705708545207175,0.13060277735205997,0.09809705467185997,0.1912546157836914,2660,13
RandomForest,86,"{'n_estimators': 100, 'max_depth': 4, 'min_samples_split': 2, 'random_state': 42, 'bootstrap': True}",0.5195445384329038,0.02857167954417624,0.5501433848687846,0.014956957686947912,0.12229864139453027,0.08971219720501698,0.22122550010681152,2660,13
RandomForest,87,"{'n_estimators': 100, 'max_depth': 4, 'min_samples_split': 3, 'random_state': 42, 'bootstrap': True}",0.5196109700310514,0.028546866760874905,0.5501680253387304,0.014956138433759291,0.12229529195254939,0.08970519600443205,0.21627497673034668,2660,13
RandomForest,88,"{'n_estimators': 100, 'max_depth': 4, 'min_samples_split': 4, 'random_state': 42, 'bootstrap': True}",0.5197490378200553,0.02850248299166862,0.550172791330209,0.014955979972750865,0.1222946440885735,0.08970636019631084,0.23913311958312988,2660,13
RandomForest,89,"{'n_estimators': 100, 'max_depth': 4, 'min_samples_split': 5, 'random_state': 42, 'bootstrap': True}",0.5196964036965783,0.02852189575563537,0.5501551397749076,0.01495656685656422,0.1222970435315761,0.08971564796249307,0.22170686721801758,2660,13
RandomForest,90,"{'n_estimators': 100, 'max_depth': 4, 'min_samples_split': 6, 'random_state': 42, 'bootstrap': True}",0.5196383569313788,0.028520653119524952,0.5501449271097939,0.014956906410090476,0.12229843175646397,0.08971877064765528,0.2262425422668457,2660,13
RandomForest,91,"{'n_estimators': 100, 'max_depth': 5, 'min_samples_split': 2, 'random_state': 42, 'min_samples_leaf': 3, 'max_features': 'sqrt', 'bootstrap': True}",0.527247080911485,0.02726240623556288,0.520756135637896,0.015934033111645145,0.1262300800587766,0.0937004871351756,0.12457585334777832,2660,13
RandomForest,92,"{'n_estimators': 100, 'max_depth': 5, 'min_samples_split': 3, 'random_state': 42, 'bootstrap': True}",0.5838458469747853,0.02190820110353194,0.5959370739615683,0.013434396392855947,0.11590684359802034,0.08280780214721456,0.2730109691619873,2660,13
RandomForest,93,"{'n_estimators': 100, 'max_depth': 5, 'min_samples_split': 4, 'random_state': 42, 'bootstrap': True}",0.5839864023309568,0.021901257157519012,0.5959420846004682,0.013434229797742106,0.11590612493626946,0.08279884415608266,0.2626309394836426,2660,13
RandomForest,94,"{'n_estimators': 100, 'max_depth': 5, 'min_samples_split': 5, 'random_state': 42, 'bootstrap': True}",0.5840147861619733,0.02209032542169225,0.5960409505054189,0.013430942676674431,0.11589194396796712,0.08275331707393424,0.27449941635131836,2660,13
RandomForest,95,"{'n_estimators': 100, 'max_depth': 5, 'min_samples_split': 6, 'random_state': 42, 'bootstrap': True}",0.5839630945274215,0.02220327683626846,0.5960174301098246,0.013431724689319911,0.11589531780585405,0.082753049459014,0.2661094665527344,2660,13
RandomForest,96,"{'n_estimators': 100, 'max_depth': 6, 'min_samples_split': 2, 'random_state': 42, 'bootstrap': True}",0.6391241766419007,0.02284530951027674,0.6474017663637028,0.011723284005621202,0.10827411512278086,0.07603674643035876,0.32988405227661133,2660,13
RandomForest,97,"{'n_estimators': 100, 'max_depth': 6, 'min_samples_split': 3, 'random_state': 42, 'bootstrap': True}",0.6392096691945997,0.02273653892270772,0.6475933300919288,0.011716914841578576,0.10824469890751498,0.07599884826857342,0.3158583641052246,2660,13
RandomForest,98,"{'n_estimators': 100, 'max_depth': 6, 'min_samples_split': 4, 'random_state': 42, 'bootstrap': True}",0.6392754138729096,0.022486452258599337,0.6477115832361969,0.011712983128193301,0.10822653615538705,0.07598107321566881,0.31354379653930664,2660,13
RandomForest,99,"{'n_estimators': 100, 'max_depth': 6, 'min_samples_split': 5, 'random_state': 42, 'bootstrap': True}",0.6388462422705423,0.02267516907460697,0.647644324323952,0.011715219371188692,0.10823686696864748,0.07595757234135286,0.3119645118713379,2660,13
RandomForest,100,"{'n_estimators': 100, 'max_depth': 6, 'min_samples_split': 6, 'random_state': 42, 'bootstrap': True}",0.6386189495288377,0.02270936865618872,0.6473170125521149,0.011726101923889131,0.10828712723075228,0.07594228982105901,0.33289623260498047,2660,13
RandomForest,101,"{'n_estimators': 100, 'max_depth': 7, 'min_samples_split': 2, 'random_state': 42, 'min_samples_leaf': 5, 'bootstrap': False}",0.5948893337373814,0.03890015584918011,0.6218391557898046,0.012573196781962613,0.11213026701993807,0.0777031301056998,0.4165537357330322,2660,13
RandomForest,102,"{'n_estimators': 100, 'max_depth': 7, 'min_samples_split': 3, 'random_state': 42, 'bootstrap': True}",0.6867763877348019,0.022309073036641563,0.693358482424231,0.010195302345625148,0.1009717898505575,0.07018104668737937,0.3856205940246582,2660,13
RandomForest,103,"{'n_estimators': 100, 'max_depth': 7, 'min_samples_split': 4, 'random_state': 42, 'bootstrap': True}",0.6865918218381821,0.021972333227864037,0.6931612901182853,0.010201858650183127,0.10100425065403498,0.07016552488044182,0.4669969081878662,2660,13
RandomForest,104,"{'n_estimators': 100, 'max_depth': 7, 'min_samples_split': 5, 'random_state': 42, 'bootstrap': True}",0.6857462425866464,0.021977924650074594,0.6928094026281747,0.010213558303190599,0.10106215069545373,0.07023363252333034,0.4026608467102051,2660,13
RandomForest,105,"{'n_estimators': 100, 'max_depth': 7, 'min_samples_split': 6, 'random_state': 42, 'bootstrap': True}",0.6847561899313432,0.02215141041093203,0.6918182504446029,0.010246512406281171,0.10122505819351832,0.07029383651284832,0.40462493896484375,2660,13
RandomForest,106,"{'n_estimators': 100, 'max_depth': 8, 'min_samples_split': 2, 'random_state': 42, 'max_features': 0.4, 'bootstrap': True}",0.7275741159758596,0.016260474735774303,0.7250683292726086,0.009141004550243297,0.09560860081730774,0.06884291672449984,0.2889723777770996,2660,13
RandomForest,107,"{'n_estimators': 100, 'max_depth': 8, 'min_samples_split': 3, 'random_state': 42, 'bootstrap': True}",0.7220323406215635,0.020094187461677463,0.7243442464710815,0.009165079056341488,0.09573441939209476,0.06603518714393224,0.44450902938842773,2660,13
RandomForest,108,"{'n_estimators': 100, 'max_depth': 8, 'min_samples_split': 4, 'random_state': 42, 'bootstrap': True}",0.7207547252322426,0.02012677896583373,0.7229920685845438,0.00921003664227867,0.09596893581924659,0.06634040225649276,0.4469413757324219,2660,13
RandomForest,109,"{'n_estimators': 100, 'max_depth': 8, 'min_samples_split': 5, 'random_state': 42, 'bootstrap': True}",0.7188749870463107,0.020094909301370815,0.7221317244753943,0.009238641602179083,0.0961178526714943,0.06643138411480705,0.4508366584777832,2660,13
RandomForest,110,"{'n_estimators': 100, 'max_depth': 8, 'min_samples_split': 6, 'random_state': 42, 'bootstrap': True}",0.7175046373916497,0.02046004525157736,0.7223458451342737,0.00923152245904094,0.09608081212729698,0.06648168906433986,0.5073115825653076,2660,13
RandomForest,111,"{'n_estimators': 100, 'max_depth': 10, 'min_samples_split': 2, 'random_state': 42, 'min_samples_leaf': 8, 'bootstrap': True}",0.6926508468186003,0.026395809402362132,0.7021354024819517,0.009903484869768397,0.0995162542993274,0.06833367111768258,0.44834470748901367,2660,13
RandomForest,112,"{'n_estimators': 100, 'max_depth': 10, 'min_samples_split': 3, 'random_state': 42, 'bootstrap': True}",0.7568853325190126,0.0167890711196557,0.7519387217544844,0.008247610277790791,0.09081635468235218,0.061948115844872344,0.6660206317901611,2660,13
RandomForest,113,"{'n_estimators': 100, 'max_depth': 10, 'min_samples_split': 4, 'random_state': 42, 'bootstrap': True}",0.7544404911645979,0.01586786913103691,0.7501090086518867,0.008308445087226293,0.09115067244527762,0.062271042600841896,0.5807158946990967,2660,13
RandomForest,114,"{'n_estimators': 100, 'max_depth': 10, 'min_samples_split': 5, 'random_state': 42, 'bootstrap': True}",0.7518408683201214,0.01622772979911401,0.7490327823381369,0.00834422775862625,0.09134674465259421,0.06239032849787349,0.5427231788635254,2660,13
RandomForest,115,"{'n_estimators': 100, 'max_depth': 10, 'min_samples_split': 6, 'random_state': 42, 'bootstrap': True}",0.7498183429375193,0.01634122498090172,0.7473811408573006,0.008399141993322277,0.09164683296940641,0.06272163718441484,0.5720229148864746,2660,13
RandomForest,116,"{'n_estimators': 100, 'max_depth': 12, 'min_samples_split': 2, 'random_state': 42, 'bootstrap': True}",0.7659877189415193,0.016237601638063613,0.760209099001611,0.007972634477992251,0.08928961013461897,0.05994739419090097,0.7874367237091064,2660,13
RandomForest,117,"{'n_estimators': 100, 'max_depth': 12, 'min_samples_split': 3, 'random_state': 42, 'bootstrap': True}",0.7653690900231366,0.01589910180464186,0.7597244151365561,0.007988749381757887,0.08937980410449492,0.05991967537710399,0.9060499668121338,2660,13
RandomForest,118,"{'n_estimators': 100, 'max_depth': 12, 'min_samples_split': 4, 'random_state': 42, 'bootstrap': True}",0.7636571732780881,0.014439152148533913,0.7595870367940966,0.007993316975044629,0.08940535204921811,0.06011474754570054,0.700354814529419,2660,13
RandomForest,119,"{'n_estimators': 100, 'max_depth': 12, 'min_samples_split': 5, 'random_state': 42, 'bootstrap': True}",0.7609635840144751,0.015293466760115315,0.7586635698368319,0.00802402066093146,0.08957689803142024,0.06030948406007413,0.6835010051727295,2660,13
RandomForest,120,"{'n_estimators': 100, 'max_depth': 12, 'min_samples_split': 6, 'random_state': 42, 'bootstrap': True}",0.7591150032103113,0.015307128606075101,0.7570114543480323,0.00807895065557591,0.08988298312570578,0.06074319224713901,0.606597900390625,2660,13
RandomForest,121,"{'n_estimators': 120, 'max_depth': 3, 'min_samples_split': 2, 'random_state': 42, 'min_samples_leaf': 1, 'max_features': 'sqrt', 'bootstrap': True}",0.3618092848074099,0.022535949765297655,0.34861124417528944,0.021657554276004222,0.14716505793157636,0.1109606365866283,0.12382197380065918,2660,13
RandomForest,122,"{'n_estimators': 120, 'max_depth': 3, 'min_samples_split': 3, 'random_state': 42, 'bootstrap': True}",0.44934199930362106,0.031719528001363906,0.48706620851368465,0.017054165166002527,0.13059159684299187,0.09808999119611783,0.21587610244750977,2660,13
RandomForest,123,"{'n_estimators': 120, 'max_depth': 3, 'min_samples_split': 4, 'random_state': 42, 'bootstrap': True}",0.44934199930362106,0.031719528001363906,0.48706620851368465,0.017054165166002527,0.13059159684299187,0.09808999119611783,0.2078385353088379,2660,13
RandomForest,124,"{'n_estimators': 120, 'max_depth': 3, 'min_samples_split': 5, 'random_state': 42, 'bootstrap': True}",0.44934199930362106,0.031719528001363906,0.48706620851368465,0.017054165166002527,0.13059159684299187,0.09808999119611783,0.20790576934814453,2660,13
RandomForest,125,"{'n_estimators': 120, 'max_depth': 3, 'min_samples_split': 6, 'random_state': 42, 'bootstrap': True}",0.44934199930362106,0.031719528001363906,0.48706620851368465,0.017054165166002527,0.13059159684299187,0.09808999119611783,0.20612335205078125,2660,13
RandomForest,126,"{'n_estimators': 120, 'max_depth': 4, 'min_samples_split': 2, 'random_state': 42, 'bootstrap': False}",0.4625103837652225,0.019226848465021044,0.4795588654790547,0.017303771392372262,0.13154380028101767,0.09720991518461534,0.2943997383117676,2660,13
RandomForest,127,"{'n_estimators': 120, 'max_depth': 4, 'min_samples_split': 3, 'random_state': 42, 'bootstrap': True}",0.5195979850432064,0.027351912190203363,0.5500339219051011,0.014960597141967649,0.12231351986582534,0.08972938669421189,0.44762730598449707,2660,13
RandomForest,128,"{'n_estimators': 120, 'max_depth': 4, 'min_samples_split': 4, 'random_state': 42, 'bootstrap': True}",0.5197133213584693,0.027318882422892266,0.5500442816189943,0.014960252699322728,0.12231211182594603,0.08972893061343991,0.34326958656311035,2660,13
RandomForest,129,"{'n_estimators': 120, 'max_depth': 4, 'min_samples_split': 5, 'random_state': 42, 'bootstrap': True}",0.5196582461246058,0.02734161243755586,0.5500302513424823,0.014960719181853092,0.12231401874622995,0.08973667041859178,0.3654062747955322,2660,13
RandomForest,130,"{'n_estimators': 120, 'max_depth': 4, 'min_samples_split': 6, 'random_state': 42, 'bootstrap': True}",0.519605232187603,0.027337255110571692,0.5500202518745667,0.014961051646939689,0.12231537780238301,0.08973970852301463,0.3436300754547119,2660,13
RandomForest,131,"{'n_estimators': 120, 'max_depth': 5, 'min_samples_split': 2, 'random_state': 42, 'min_samples_leaf': 3, 'bootstrap': True}",0.5846070430500651,0.021222199265699772,0.5961160877102039,0.013428444494020482,0.11588116539809427,0.08286147855284992,0.43652987480163574,2660,13
RandomForest,132,"{'n_estimators': 120, 'max_depth': 5, 'min_samples_split': 3, 'random_state': 42, 'bootstrap': True}",0.5843759453553548,0.020958373029281444,0.5956504767459299,0.013443925256683477,0.1159479420114194,0.08286566195018312,0.41193461418151855,2660,13
RandomForest,133,"{'n_estimators': 120, 'max_depth': 5, 'min_samples_split': 4, 'random_state': 42, 'bootstrap': True}",0.5844957109073884,0.020966350723324825,0.5956365000866592,0.01344438995653291,0.11594994591000424,0.08285684722462701,0.3929471969604492,2660,13
RandomForest,134,"{'n_estimators': 120, 'max_depth': 5, 'min_samples_split': 5, 'random_state': 42, 'bootstrap': True}",0.5845228725154955,0.021157025036936825,0.5957701477658353,0.013439946401375203,0.11593078280325378,0.0828143203485259,0.41059374809265137,2660,13
RandomForest,135,"{'n_estimators': 120, 'max_depth': 5, 'min_samples_split': 6, 'random_state': 42, 'bootstrap': True}",0.5844374517017495,0.021233122556263567,0.5955397756163572,0.0134476058785866,0.11596381279772841,0.0828422925284709,0.4127938747406006,2660,13
RandomForest,136,"{'n_estimators': 120, 'max_depth': 6, 'min_samples_split': 2, 'random_state': 42, 'max_features': 0.4, 'bootstrap': True}",0.6451668471716661,0.01934288422260295,0.6446504076697699,0.011814761943663234,0.1086957310277788,0.07973283512624735,0.2517881393432617,2660,13
RandomForest,137,"{'n_estimators': 120, 'max_depth': 6, 'min_samples_split': 3, 'random_state': 42, 'bootstrap': True}",0.6401353926966961,0.022371277479316085,0.6462314264386335,0.011762195792510234,0.10845365734962668,0.0760576889908548,0.467698335647583,2660,13
RandomForest,138,"{'n_estimators': 120, 'max_depth': 6, 'min_samples_split': 4, 'random_state': 42, 'bootstrap': True}",0.6401720992289283,0.02220818002230905,0.6462019239645029,0.011763176698964397,0.1084581794931318,0.07605562110183037,0.4897313117980957,2660,13
RandomForest,139,"{'n_estimators': 120, 'max_depth': 6, 'min_samples_split': 5, 'random_state': 42, 'bootstrap': True}",0.6398073385985497,0.022311399066237175,0.6460929030548377,0.011766801456449358,0.10847488859846484,0.07604824007958247,0.4779322147369385,2660,13
RandomForest,140,"{'n_estimators': 120, 'max_depth': 6, 'min_samples_split': 6, 'random_state': 42, 'bootstrap': True}",0.6395228533107271,0.02230053053282225,0.6457805285500708,0.011777187370745443,0.10852275047539775,0.07604670454775646,0.5082478523254395,2660,13
RandomForest,141,"{'n_estimators': 120, 'max_depth': 7, 'min_samples_split': 2, 'random_state': 42, 'min_samples_leaf': 5, 'bootstrap': True}",0.67620745222525,0.025178903271386915,0.684925045382476,0.01047569960276513,0.10235086517839079,0.07092448797647813,0.5190396308898926,2660,13
RandomForest,142,"{'n_estimators': 120, 'max_depth': 7, 'min_samples_split': 3, 'random_state': 42, 'bootstrap': True}",0.6876661499150449,0.02236321010476915,0.693311851888184,0.010196852730639206,0.10097946687638634,0.07019981224876296,0.771826982498169,2660,13
RandomForest,143,"{'n_estimators': 120, 'max_depth': 7, 'min_samples_split': 4, 'random_state': 42, 'bootstrap': True}",0.6875418521753851,0.022091330569902392,0.6930694553569565,0.010204911997834768,0.10101936446956479,0.0701924203041701,0.7107503414154053,2660,13
RandomForest,144,"{'n_estimators': 120, 'max_depth': 7, 'min_samples_split': 5, 'random_state': 42, 'bootstrap': True}",0.6864864728155541,0.022205084084123916,0.692606132970033,0.010220316669242365,0.10109558184828042,0.07028863949299753,0.4347693920135498,2660,13
RandomForest,145,"{'n_estimators': 120, 'max_depth': 7, 'min_samples_split': 6, 'random_state': 42, 'bootstrap': True}",0.6855284817538274,0.022346473849908146,0.6916840059884547,0.010250975803245401,0.10124710269062222,0.07036016536582068,0.437333345413208,2660,13
RandomForest,146,"{'n_estimators': 120, 'max_depth': 8, 'min_samples_split': 2, 'random_state': 42, 'bootstrap': True}",0.7239986506956391,0.020830950462777276,0.7243752768287388,0.00916404735039146,0.09572903086520547,0.0661047108806803,0.5303304195404053,2660,13
RandomForest,147,"{'n_estimators': 120, 'max_depth': 8, 'min_samples_split': 3, 'random_state': 42, 'bootstrap': True}",0.722875011301811,0.02038980994530239,0.724356033490736,0.009164687158238186,0.09573237257186404,0.06611622765117985,0.5114829540252686,2660,13
RandomForest,148,"{'n_estimators': 120, 'max_depth': 8, 'min_samples_split': 4, 'random_state': 42, 'bootstrap': True}",0.7217433960546915,0.020409596718872616,0.7229958578630413,0.00920991065529472,0.09596827942239415,0.06642776269641378,0.5395503044128418,2660,13
RandomForest,149,"{'n_estimators': 120, 'max_depth': 8, 'min_samples_split': 5, 'random_state': 42, 'bootstrap': True}",0.7197738566637784,0.02038984323751366,0.7221505623481059,0.009238015275354975,0.09611459449716768,0.0665215035695388,0.5096526145935059,2660,13
RandomForest,150,"{'n_estimators': 120, 'max_depth': 8, 'min_samples_split': 6, 'random_state': 42, 'bootstrap': True}",0.7184824644856388,0.020706491238861556,0.7222255953984347,0.009235520555657312,0.09610161578067931,0.06660495362040456,0.5043256282806396,2660,13
XGBoost,1,"{'n_estimators': 50, 'max_depth': 3, 'learning_rate': 0.01, 'random_state': 42, 'eval_metric': 'rmse', 'subsample': 0.7, 'colsample_bytree': 0.7, 'reg_alpha': 0.0, 'reg_lambda': 0.0}",0.2378363575905403,0.009616305090618645,0.23417728606102994,0.025462286299263916,0.1595690643554192,0.12440467888105722,0.019982576370239258,2660,13
XGBoost,2,"{'n_estimators': 50, 'max_depth': 3, 'learning_rate': 0.02, 'random_state': 42, 'eval_metric': 'rmse'}",0.3995974149114906,0.019323874712859564,0.40107264614711646,0.01991330301216161,0.141114503195673,0.10801308643322691,0.027977466583251953,2660,13
XGBoost,3,"{'n_estimators': 50, 'max_depth': 3, 'learning_rate': 0.03, 'random_state': 42, 'eval_metric': 'rmse'}",0.4707356178840457,0.02122506417844091,0.47119918168496155,0.017581716481049118,0.1325960651039431,0.09980957531207918,0.027977466583251953,2660,13
XGBoost,4,"{'n_estimators': 50, 'max_depth': 3, 'learning_rate': 0.05, 'random_state': 42, 'eval_metric': 'rmse'}",0.5565178763556278,0.020481900785341223,0.5585482457779574,0.014677510537001006,0.1211507760478694,0.09001890746579785,0.023979902267456055,2660,13
XGBoost,5,"{'n_estimators': 50, 'max_depth': 3, 'learning_rate': 0.07, 'random_state': 42, 'eval_metric': 'rmse'}",0.6087755050923847,0.020376698850360624,0.614498280376655,0.012817268246617214,0.11321337485746644,0.0831541004674767,0.023979663848876953,2660,13
XGBoost,6,"{'n_estimators': 50, 'max_depth': 4, 'learning_rate': 0.01, 'random_state': 42, 'eval_metric': 'rmse'}",0.3123471668892396,0.008202164409273642,0.3166440542202381,0.02272040828647346,0.15073290379500243,0.11739953716843773,0.04396319389343262,2660,13
XGBoost,7,"{'n_estimators': 50, 'max_depth': 4, 'learning_rate': 0.02, 'random_state': 42, 'eval_metric': 'rmse'}",0.4623025864327083,0.02130251733592872,0.4570705284974479,0.01805146986644185,0.13435575859054888,0.10199004518678959,0.03996586799621582,2660,13
XGBoost,8,"{'n_estimators': 50, 'max_depth': 4, 'learning_rate': 0.03, 'random_state': 42, 'eval_metric': 'rmse'}",0.5441360077798629,0.026460667123794013,0.531070264726093,0.015591106082985393,0.12486435072904273,0.09298582707934802,0.15187501907348633,2660,13
XGBoost,9,"{'n_estimators': 50, 'max_depth': 4, 'learning_rate': 0.05, 'random_state': 42, 'eval_metric': 'rmse'}",0.6329042499626785,0.023981795805995253,0.6178010952673956,0.012707455339777508,0.11272734956423622,0.08213004137379049,0.03197288513183594,2660,13
XGBoost,10,"{'n_estimators': 50, 'max_depth': 4, 'learning_rate': 0.07, 'random_state': 42, 'eval_metric': 'rmse'}",0.6832669935329877,0.018786410950401306,0.6806916939637093,0.010616451246543906,0.10303616475075102,0.07459154909854968,0.03420233726501465,2660,13
XGBoost,11,"{'n_estimators': 50, 'max_depth': 5, 'learning_rate': 0.01, 'random_state': 42, 'eval_metric': 'rmse', 'subsample': 0.9}",0.3494084930413278,0.012665721819171426,0.34279246588243895,0.0218510186328427,0.1478209005277762,0.11468607642079358,0.03596901893615723,2660,13
XGBoost,12,"{'n_estimators': 50, 'max_depth': 5, 'learning_rate': 0.02, 'random_state': 42, 'eval_metric': 'rmse'}",0.508682380724643,0.02148369976126993,0.5024517641447652,0.016542621939063137,0.12861812445788165,0.09639476600485423,0.04396319389343262,2660,13
XGBoost,13,"{'n_estimators': 50, 'max_depth': 5, 'learning_rate': 0.03, 'random_state': 42, 'eval_metric': 'rmse'}",0.598894464896832,0.024607013751320125,0.584527535879301,0.01381374388399891,0.1175318845420208,0.08637776503107904,0.03596997261047363,2660,13
XGBoost,14,"{'n_estimators': 50, 'max_depth': 5, 'learning_rate': 0.05, 'random_state': 42, 'eval_metric': 'rmse'}",0.6808110424995636,0.02345983068990173,0.6718554850100318,0.01091023997608084,0.10445209416800048,0.07494954782008921,0.03996562957763672,2660,13
XGBoost,15,"{'n_estimators': 50, 'max_depth': 5, 'learning_rate': 0.07, 'random_state': 42, 'eval_metric': 'rmse'}",0.7229643670064828,0.01704251056054454,0.727860473436332,0.009048170565573567,0.09512187217235354,0.06793750285724531,0.03800487518310547,2660,13
XGBoost,16,"{'n_estimators': 50, 'max_depth': 6, 'learning_rate': 0.01, 'random_state': 42, 'eval_metric': 'rmse', 'colsample_bytree': 1.0}",0.3764627593527118,0.014082912815651265,0.3720398538869292,0.020878593353047023,0.14449426754389608,0.11198010345108006,0.0559544563293457,2660,13
XGBoost,17,"{'n_estimators': 50, 'max_depth': 6, 'learning_rate': 0.02, 'random_state': 42, 'eval_metric': 'rmse'}",0.548018363799826,0.025637086058970745,0.5435050159935714,0.015177672019108957,0.12319769486118219,0.09196703689160987,0.04796147346496582,2660,13
XGBoost,18,"{'n_estimators': 50, 'max_depth': 6, 'learning_rate': 0.03, 'random_state': 42, 'eval_metric': 'rmse'}",0.6420703332551684,0.02728418141981225,0.6299759022748421,0.01230266397485778,0.11091737454005021,0.08108509846147298,0.047959089279174805,2660,13
XGBoost,19,"{'n_estimators': 50, 'max_depth': 6, 'learning_rate': 0.05, 'random_state': 42, 'eval_metric': 'rmse'}",0.7224317462441483,0.02551056328826168,0.7154502577921992,0.009460788862230271,0.09726658656614959,0.06915632663405925,0.059949398040771484,2660,13
XGBoost,20,"{'n_estimators': 50, 'max_depth': 6, 'learning_rate': 0.07, 'random_state': 42, 'eval_metric': 'rmse'}",0.7516248138292144,0.023849817101973297,0.7501493237511838,0.0083071046796074,0.09114331944584529,0.0637228237240048,0.05195760726928711,2660,13
XGBoost,21,"{'n_estimators': 50, 'max_depth': 7, 'learning_rate': 0.01, 'random_state': 42, 'eval_metric': 'rmse', 'subsample': 0.7, 'reg_alpha': 0.0}",0.40326729324489713,0.01637174602232203,0.3974584751678396,0.020033467972711695,0.14153963392884586,0.10980587404978594,0.06794238090515137,2660,13
XGBoost,22,"{'n_estimators': 50, 'max_depth': 7, 'learning_rate': 0.02, 'random_state': 42, 'eval_metric': 'rmse'}",0.5765304894515317,0.021347509767141084,0.5735163696398531,0.014179846197464575,0.11907915937503327,0.08892614185912268,0.06394696235656738,2660,13
XGBoost,23,"{'n_estimators': 50, 'max_depth': 7, 'learning_rate': 0.03, 'random_state': 42, 'eval_metric': 'rmse'}",0.66462574765254,0.022392085669516146,0.6599481348268273,0.011306138862222398,0.1063303289857715,0.07719599670808194,0.07593560218811035,2660,13
XGBoost,24,"{'n_estimators': 50, 'max_depth': 7, 'learning_rate': 0.05, 'random_state': 42, 'eval_metric': 'rmse'}",0.7377195547818373,0.024414854335592897,0.7306034207907057,0.008956972290085435,0.0946412821663223,0.065989272132155,0.06394720077514648,2660,13
XGBoost,25,"{'n_estimators': 50, 'max_depth': 7, 'learning_rate': 0.07, 'random_state': 42, 'eval_metric': 'rmse'}",0.7651834395132051,0.024838487224881505,0.7633294685914473,0.007868887563190948,0.08870675038119111,0.06042572092946003,0.07993245124816895,2660,13
XGBoost,26,"{'n_estimators': 50, 'max_depth': 8, 'learning_rate': 0.01, 'random_state': 42, 'eval_metric': 'rmse', 'reg_lambda': 0.1}",0.44204259059143125,0.015534091770311577,0.4309978165864783,0.01891834263371817,0.13754396618433748,0.1073253802174949,0.09473109245300293,2660,13
XGBoost,27,"{'n_estimators': 50, 'max_depth': 8, 'learning_rate': 0.02, 'random_state': 42, 'eval_metric': 'rmse'}",0.5954974293808897,0.021304420499556682,0.5945186958221607,0.01348155502318758,0.11611009871319368,0.08713584706237211,0.08792662620544434,2660,13
XGBoost,28,"{'n_estimators': 50, 'max_depth': 8, 'learning_rate': 0.03, 'random_state': 42, 'eval_metric': 'rmse'}",0.6836390621050988,0.0206882501260751,0.6853487003595877,0.010461613804416525,0.10228203070147035,0.0745410566320834,0.08792638778686523,2660,13
XGBoost,29,"{'n_estimators': 50, 'max_depth': 8, 'learning_rate': 0.05, 'random_state': 42, 'eval_metric': 'rmse'}",0.7509829027524186,0.019218788826398853,0.756431609562261,0.008098229496064336,0.08999016332946805,0.06267726957518072,0.10391354560852051,2660,13
XGBoost,30,"{'n_estimators': 50, 'max_depth': 8, 'learning_rate': 0.07, 'random_state': 42, 'eval_metric': 'rmse'}",0.7699021787278554,0.02191424297296514,0.7786822645895195,0.007358433537628762,0.08578131228670241,0.058303955997996024,0.09192323684692383,2660,13
XGBoost,31,"{'n_estimators': 80, 'max_depth': 3, 'learning_rate': 0.01, 'random_state': 42, 'eval_metric': 'rmse', 'subsample': 0.9, 'colsample_bytree': 0.9}",0.34671970731171997,0.01463270677473399,0.3481966826577477,0.02167133773248335,0.14721188040536454,0.11361237867868511,0.03996634483337402,2660,13
XGBoost,32,"{'n_estimators': 80, 'max_depth': 3, 'learning_rate': 0.02, 'random_state': 42, 'eval_metric': 'rmse'}",0.4812278815940492,0.021113531179139042,0.4827061100979667,0.017199130929139748,0.13114545714259318,0.09872286107277144,0.03596782684326172,2660,13
XGBoost,33,"{'n_estimators': 80, 'max_depth': 3, 'learning_rate': 0.03, 'random_state': 42, 'eval_metric': 'rmse'}",0.5484013445262729,0.020192417435998696,0.5511720531850659,0.01492275623705696,0.12215873377314027,0.09075016945182206,0.03996610641479492,2660,13
XGBoost,34,"{'n_estimators': 80, 'max_depth': 3, 'learning_rate': 0.05, 'random_state': 42, 'eval_metric': 'rmse'}",0.62360915885549,0.018789881695905234,0.6309794533544796,0.01226929762982704,0.11076686160502626,0.08130981309590257,0.035970449447631836,2660,13
XGBoost,35,"{'n_estimators': 80, 'max_depth': 3, 'learning_rate': 0.07, 'random_state': 42, 'eval_metric': 'rmse'}",0.6599512568756117,0.019482957155962054,0.6677998999884325,0.011045081193312217,0.10509558122638751,0.07628142194091148,0.03996753692626953,2660,13
XGBoost,36,"{'n_estimators': 80, 'max_depth': 4, 'learning_rate': 0.01, 'random_state': 42, 'eval_metric': 'rmse'}",0.41390030320912885,0.01647833683845995,0.4131197003936311,0.019512759206520496,0.1396880782548049,0.1070729701860298,0.043962955474853516,2660,13
XGBoost,37,"{'n_estimators': 80, 'max_depth': 4, 'learning_rate': 0.02, 'random_state': 42, 'eval_metric': 'rmse'}",0.5563066175335603,0.02646164971972744,0.5425026321092525,0.015210999556905554,0.12333288108572488,0.09164768422033967,0.04396677017211914,2660,13
XGBoost,38,"{'n_estimators': 80, 'max_depth': 4, 'learning_rate': 0.03, 'random_state': 42, 'eval_metric': 'rmse'}",0.6243466325803557,0.024069494575791158,0.6114560878957876,0.01291841590718593,0.11365920951328991,0.08297401134403845,0.04396200180053711,2660,13
XGBoost,39,"{'n_estimators': 80, 'max_depth': 4, 'learning_rate': 0.05, 'random_state': 42, 'eval_metric': 'rmse'}",0.694840062611677,0.0176512792381271,0.6903290816873534,0.010296024702736805,0.10146932887694096,0.07284040875215533,0.051956892013549805,2660,13
XGBoost,40,"{'n_estimators': 80, 'max_depth': 4, 'learning_rate': 0.07, 'random_state': 42, 'eval_metric': 'rmse'}",0.7209723089897427,0.018970871320774137,0.7195794627401868,0.009323499909238498,0.09655827209120148,0.06880404913413697,0.04396367073059082,2660,13
XGBoost,41,"{'n_estimators': 80, 'max_depth': 5, 'learning_rate': 0.01, 'random_state': 42, 'eval_metric': 'rmse', 'subsample': 0.7, 'reg_alpha': 0.0}",0.462341273787894,0.018750848807946367,0.4569484888631592,0.018055527474099022,0.13437085797932163,0.1021401396449741,0.07193970680236816,2660,13
XGBoost,42,"{'n_estimators': 80, 'max_depth': 5, 'learning_rate': 0.02, 'random_state': 42, 'eval_metric': 'rmse'}",0.6107998172230947,0.024981618010715946,0.5959898550404166,0.013432641512886527,0.11589927313355562,0.08488816034827237,0.05595254898071289,2660,13
XGBoost,43,"{'n_estimators': 80, 'max_depth': 5, 'learning_rate': 0.03, 'random_state': 42, 'eval_metric': 'rmse'}",0.6741150723476856,0.023480585469928518,0.6650149420406362,0.011137676248678842,0.10553518962260333,0.07577715920500218,0.0559539794921875,2660,13
XGBoost,44,"{'n_estimators': 80, 'max_depth': 5, 'learning_rate': 0.05, 'random_state': 42, 'eval_metric': 'rmse'}",0.7328341676686634,0.0169872175326163,0.7281207267797207,0.009039517590127562,0.09507637766620877,0.06729342941519997,0.05814528465270996,2660,13
XGBoost,45,"{'n_estimators': 80, 'max_depth': 5, 'learning_rate': 0.07, 'random_state': 42, 'eval_metric': 'rmse'}",0.7548488266840574,0.014710270943540568,0.7622454422091658,0.007904929573435903,0.08890967086563702,0.06266005763599376,0.055953264236450195,2660,13
XGBoost,46,"{'n_estimators': 80, 'max_depth': 6, 'learning_rate': 0.01, 'random_state': 42, 'eval_metric': 'rmse', 'colsample_bytree': 0.8}",0.4927507837077682,0.018000730174674778,0.48880828508963814,0.016996244120145818,0.13036964416667637,0.0997415625519404,0.07193970680236816,2660,13
XGBoost,47,"{'n_estimators': 80, 'max_depth': 6, 'learning_rate': 0.02, 'random_state': 42, 'eval_metric': 'rmse'}",0.6542609668925451,0.026793012203858272,0.6457200491509768,0.011779198206604594,0.10853201466205534,0.07917943227927951,0.07193946838378906,2660,13
XGBoost,48,"{'n_estimators': 80, 'max_depth': 6, 'learning_rate': 0.03, 'random_state': 42, 'eval_metric': 'rmse'}",0.715011763718663,0.025084948048709237,0.7065130337069188,0.009757936170919551,0.09878226647996871,0.07027599105517561,0.07593512535095215,2660,13
XGBoost,49,"{'n_estimators': 80, 'max_depth': 6, 'learning_rate': 0.05, 'random_state': 42, 'eval_metric': 'rmse'}",0.7628726426150866,0.021355795124192344,0.7650934754889249,0.007810237371913089,0.08837554736414982,0.061556306097747045,0.07169675827026367,2660,13
XGBoost,50,"{'n_estimators': 80, 'max_depth': 6, 'learning_rate': 0.07, 'random_state': 42, 'eval_metric': 'rmse'}",0.7751703272926098,0.021432145247587256,0.7793305383744745,0.007336879550769414,0.08565558680418583,0.05878346093052495,0.07993268966674805,2660,13
XGBoost,51,"{'n_estimators': 80, 'max_depth': 7, 'learning_rate': 0.01, 'random_state': 42, 'eval_metric': 'rmse', 'subsample': 0.9, 'reg_lambda': 0.5}",0.5338377018313153,0.020543588880021092,0.5239027397305768,0.01582941394480667,0.12581499888648678,0.09534643001139899,0.1039125919342041,2660,13
XGBoost,52,"{'n_estimators': 80, 'max_depth': 7, 'learning_rate': 0.02, 'random_state': 42, 'eval_metric': 'rmse'}",0.6766037528248483,0.022287458291672956,0.6698269429309666,0.010977685506550412,0.10477445063826588,0.07566909536090374,0.14387941360473633,2660,13
XGBoost,53,"{'n_estimators': 80, 'max_depth': 7, 'learning_rate': 0.03, 'random_state': 42, 'eval_metric': 'rmse'}",0.7332697467815675,0.023715432841465725,0.7257652753095906,0.009117832294829905,0.09548734101874397,0.06646738479669255,0.1079094409942627,2660,13
XGBoost,54,"{'n_estimators': 80, 'max_depth': 7, 'learning_rate': 0.05, 'random_state': 42, 'eval_metric': 'rmse'}",0.7709939515170012,0.023340537234866378,0.7714038607128619,0.007600427931286685,0.0871804331905198,0.05916178298599334,0.09591841697692871,2660,13
XGBoost,55,"{'n_estimators': 80, 'max_depth': 7, 'learning_rate': 0.07, 'random_state': 42, 'eval_metric': 'rmse'}",0.7830087730848241,0.02266216434759387,0.7886388550681928,0.007027394051964321,0.08382955357130516,0.055616997132609806,0.09592008590698242,2660,13
XGBoost,56,"{'n_estimators': 80, 'max_depth': 8, 'learning_rate': 0.01, 'random_state': 42, 'eval_metric': 'rmse'}",0.5384298057954016,0.02029171044661921,0.5331769229604153,0.015521063324889173,0.1245835596091602,0.09464936989353352,0.15187311172485352,2660,13
XGBoost,57,"{'n_estimators': 80, 'max_depth': 8, 'learning_rate': 0.02, 'random_state': 42, 'eval_metric': 'rmse'}",0.6942913707876027,0.020907243307772053,0.6949375219903545,0.010142801999554574,0.10071147898603502,0.07298691196721684,0.1518702507019043,2660,13
XGBoost,58,"{'n_estimators': 80, 'max_depth': 8, 'learning_rate': 0.03, 'random_state': 42, 'eval_metric': 'rmse'}",0.7464610167499288,0.017974240896815197,0.7498753201951898,0.008316214825941205,0.09119328278958491,0.06383621060144602,0.14387893676757812,2660,13
XGBoost,59,"{'n_estimators': 80, 'max_depth': 8, 'learning_rate': 0.05, 'random_state': 42, 'eval_metric': 'rmse'}",0.7748055700206775,0.020043984626127644,0.7839048433045214,0.007184791789948219,0.08476315113271933,0.057109237575423646,0.25800490379333496,2660,13
XGBoost,60,"{'n_estimators': 80, 'max_depth': 8, 'learning_rate': 0.07, 'random_state': 42, 'eval_metric': 'rmse'}",0.7812642255200521,0.024264398796573283,0.7946288282358254,0.00682823776037994,0.08263315170305402,0.0545489550536283,0.14230656623840332,2660,13
XGBoost,61,"{'n_estimators': 100, 'max_depth': 3, 'learning_rate': 0.01, 'random_state': 42, 'eval_metric': 'rmse', 'subsample': 0.7, 'colsample_bytree': 0.7, 'reg_alpha': 0.0}",0.37386262030990614,0.01547426983003546,0.37324988307646034,0.020838361966469526,0.14435498594253518,0.11060202010591474,0.05195760726928711,2660,13
XGBoost,62,"{'n_estimators': 100, 'max_depth': 3, 'learning_rate': 0.02, 'random_state': 42, 'eval_metric': 'rmse'}",0.5186201326094997,0.02148070083033487,0.5181755493566809,0.016019833161077333,0.12656947957970488,0.09471442223740796,0.04796028137207031,2660,13
XGBoost,63,"{'n_estimators': 100, 'max_depth': 3, 'learning_rate': 0.03, 'random_state': 42, 'eval_metric': 'rmse'}",0.581903746538822,0.020071252434576328,0.5900681826960346,0.013629526919729008,0.11674556488247854,0.08621058862630875,0.04795980453491211,2660,13
XGBoost,64,"{'n_estimators': 100, 'max_depth': 3, 'learning_rate': 0.05, 'random_state': 42, 'eval_metric': 'rmse'}",0.6472739556932637,0.018959855313750985,0.6554755717123617,0.011454843882900497,0.1070273043802398,0.07823660079059343,0.043962955474853516,2660,13
XGBoost,65,"{'n_estimators': 100, 'max_depth': 3, 'learning_rate': 0.07, 'random_state': 42, 'eval_metric': 'rmse'}",0.6785474005760043,0.0179620221110135,0.6882789493006543,0.010364188073751269,0.10180465644434575,0.07341324282929505,0.043962955474853516,2660,13
XGBoost,66,"{'n_estimators': 100, 'max_depth': 4, 'learning_rate': 0.01, 'random_state': 42, 'eval_metric': 'rmse'}",0.4613952003935647,0.02140801883988272,0.4555995891333787,0.018100376066969834,0.1345376381053638,0.10215645873885074,0.0559535026550293,2660,13
XGBoost,67,"{'n_estimators': 100, 'max_depth': 4, 'learning_rate': 0.02, 'random_state': 42, 'eval_metric': 'rmse'}",0.5963204567923635,0.02557246720899108,0.5825590681174595,0.01387919204688387,0.11780998279807985,0.0867840108126772,0.055956125259399414,2660,13
XGBoost,68,"{'n_estimators': 100, 'max_depth': 4, 'learning_rate': 0.03, 'random_state': 42, 'eval_metric': 'rmse'}",0.659831917314151,0.01968231297604853,0.6453312129174533,0.011792126341695517,0.10859155741444874,0.07845815282071396,0.0559535026550293,2660,13
XGBoost,69,"{'n_estimators': 100, 'max_depth': 4, 'learning_rate': 0.05, 'random_state': 42, 'eval_metric': 'rmse'}",0.7145918869413332,0.018104462517327148,0.7147745053434322,0.009483256467336202,0.09738201305855307,0.06953253922466365,0.055953025817871094,2660,13
XGBoost,70,"{'n_estimators': 100, 'max_depth': 4, 'learning_rate': 0.07, 'random_state': 42, 'eval_metric': 'rmse'}",0.7340599058244976,0.017523248745941394,0.734610336772876,0.008823749234594756,0.09393481375185005,0.06649910525308476,0.051955461502075195,2660,13
XGBoost,71,"{'n_estimators': 100, 'max_depth': 5, 'learning_rate': 0.01, 'random_state': 42, 'eval_metric': 'rmse', 'subsample': 0.9}",0.51262332510396,0.021645768476542124,0.5071118582347858,0.016387681836423314,0.12801438136562357,0.09608820521758918,0.08392977714538574,2660,13
XGBoost,72,"{'n_estimators': 100, 'max_depth': 5, 'learning_rate': 0.02, 'random_state': 42, 'eval_metric': 'rmse'}",0.6476058823537099,0.02431258554177788,0.6340580600299045,0.01216693926000368,0.11030384970618061,0.07996449149418847,0.06794381141662598,2660,13
XGBoost,73,"{'n_estimators': 100, 'max_depth': 5, 'learning_rate': 0.03, 'random_state': 42, 'eval_metric': 'rmse'}",0.704128039890028,0.01822573764427999,0.694393791213784,0.010160880111434479,0.10080119102190449,0.07155665635074646,0.06794404983520508,2660,13
XGBoost,74,"{'n_estimators': 100, 'max_depth': 5, 'learning_rate': 0.05, 'random_state': 42, 'eval_metric': 'rmse'}",0.7489699226717246,0.015183255976936715,0.7488264257134254,0.00835108876099993,0.09138429165343423,0.0646818419044788,0.08792591094970703,2660,13
XGBoost,75,"{'n_estimators': 100, 'max_depth': 5, 'learning_rate': 0.07, 'random_state': 42, 'eval_metric': 'rmse'}",0.7637767930424733,0.014103568041641123,0.7716275787305933,0.007592989692495777,0.08713776272372259,0.060950127023427544,0.06794357299804688,2660,13
XGBoost,76,"{'n_estimators': 100, 'max_depth': 6, 'learning_rate': 0.01, 'random_state': 42, 'eval_metric': 'rmse', 'colsample_bytree': 1.0, 'reg_lambda': 1.0}",0.5465742752393673,0.025295618336582438,0.5422686135934931,0.015218780269515854,0.12336442059814431,0.09217384127897779,0.08792686462402344,2660,13
XGBoost,77,"{'n_estimators': 100, 'max_depth': 6, 'learning_rate': 0.02, 'random_state': 42, 'eval_metric': 'rmse'}",0.6915322148449683,0.02600688270732498,0.686012080798208,0.010439557547340262,0.10217415302971815,0.0737413376923104,0.08792686462402344,2660,13
XGBoost,78,"{'n_estimators': 100, 'max_depth': 6, 'learning_rate': 0.03, 'random_state': 42, 'eval_metric': 'rmse'}",0.7382363754935678,0.02282729980699032,0.7304021567261106,0.008963663973605915,0.09467662844443667,0.06633417952776131,0.09192371368408203,2660,13
XGBoost,79,"{'n_estimators': 100, 'max_depth': 6, 'learning_rate': 0.05, 'random_state': 42, 'eval_metric': 'rmse'}",0.772899853520116,0.021969968044706915,0.7779391250043809,0.007383141648961463,0.08592520962419273,0.059289984210840925,0.24379539489746094,2660,13
XGBoost,80,"{'n_estimators': 100, 'max_depth': 6, 'learning_rate': 0.07, 'random_state': 42, 'eval_metric': 'rmse'}",0.7814005244647881,0.020919873642946733,0.7846521142121524,0.007159946319257819,0.08461646600548749,0.057689364116357285,0.08792638778686523,2660,13
XGBoost,81,"{'n_estimators': 100, 'max_depth': 7, 'learning_rate': 0.01, 'random_state': 42, 'eval_metric': 'rmse', 'subsample': 0.7, 'reg_alpha': 0.0}",0.5831443794598592,0.020659339919968458,0.575797755644899,0.014103994041916937,0.11876023762992788,0.08907705704260144,0.12389516830444336,2660,13
XGBoost,82,"{'n_estimators': 100, 'max_depth': 7, 'learning_rate': 0.02, 'random_state': 42, 'eval_metric': 'rmse'}",0.7109372954611077,0.0237637565358819,0.703063623776608,0.00987262311035146,0.09936107442228802,0.0703664481607308,0.11590242385864258,2660,13
XGBoost,83,"{'n_estimators': 100, 'max_depth': 7, 'learning_rate': 0.03, 'random_state': 42, 'eval_metric': 'rmse'}",0.7522897010159658,0.02301778610250586,0.7460852288069283,0.008442228837110871,0.09188160227766422,0.06277543971550495,0.11989974975585938,2660,13
XGBoost,84,"{'n_estimators': 100, 'max_depth': 7, 'learning_rate': 0.05, 'random_state': 42, 'eval_metric': 'rmse'}",0.7799932754505581,0.02255379882456904,0.7826916937559119,0.007225126923091032,0.08500074660313892,0.057061915920939114,0.12789487838745117,2660,13
XGBoost,85,"{'n_estimators': 100, 'max_depth': 7, 'learning_rate': 0.07, 'random_state': 42, 'eval_metric': 'rmse'}",0.7865572609502125,0.02218187737157404,0.7915577614831637,0.006930345440757063,0.08324869633067573,0.05486521445704294,0.11590290069580078,2660,13
XGBoost,86,"{'n_estimators': 100, 'max_depth': 8, 'learning_rate': 0.01, 'random_state': 42, 'eval_metric': 'rmse'}",0.5947193601573189,0.021555090647364442,0.5943111073682166,0.013488456981761722,0.11613981652199094,0.08718799526427372,0.1600961685180664,2660,13
XGBoost,87,"{'n_estimators': 100, 'max_depth': 8, 'learning_rate': 0.02, 'random_state': 42, 'eval_metric': 'rmse'}",0.7270428071809473,0.018662674527723095,0.7289271716618813,0.009012704686696519,0.09493526576934684,0.06750529095649313,0.15790081024169922,2660,13
XGBoost,88,"{'n_estimators': 100, 'max_depth': 8, 'learning_rate': 0.03, 'random_state': 42, 'eval_metric': 'rmse'}",0.7629465473650919,0.019171414609552132,0.768772644740007,0.0076879113307688415,0.08768073523168497,0.060304431739779805,0.16637802124023438,2660,13
XGBoost,89,"{'n_estimators': 100, 'max_depth': 8, 'learning_rate': 0.05, 'random_state': 42, 'eval_metric': 'rmse'}",0.7797342831023123,0.021382081051230996,0.7913899388680024,0.006935925253678453,0.08328220250256625,0.05547775391851454,0.1598653793334961,2660,13
XGBoost,90,"{'n_estimators': 100, 'max_depth': 8, 'learning_rate': 0.07, 'random_state': 42, 'eval_metric': 'rmse'}",0.7835461352660186,0.02418050837200569,0.797345789523383,0.006737903476858908,0.08208473351883959,0.05392238728388018,0.1558692455291748,2660,13
XGBoost,91,"{'n_estimators': 120, 'max_depth': 3, 'learning_rate': 0.01, 'random_state': 42, 'eval_metric': 'rmse', 'subsample': 0.9, 'colsample_bytree': 0.9}",0.4259509488993608,0.018339015679311427,0.4287733724596874,0.018992301569882054,0.1378125595505796,0.10473006253933888,0.0559535026550293,2660,13
XGBoost,92,"{'n_estimators': 120, 'max_depth': 3, 'learning_rate': 0.02, 'random_state': 42, 'eval_metric': 'rmse'}",0.5483937517532542,0.019528296201193732,0.5476063612408582,0.01504130935318408,0.12264301591686369,0.09121337275481785,0.05595231056213379,2660,13
XGBoost,93,"{'n_estimators': 120, 'max_depth': 3, 'learning_rate': 0.03, 'random_state': 42, 'eval_metric': 'rmse'}",0.6082930402212948,0.01916375166019664,0.6180256932439728,0.012699987843870485,0.11269422276173027,0.08293297295082869,0.051957130432128906,2660,13
XGBoost,94,"{'n_estimators': 120, 'max_depth': 3, 'learning_rate': 0.05, 'random_state': 42, 'eval_metric': 'rmse'}",0.6641235543825786,0.017216126958603303,0.6736346115332092,0.010851087083288252,0.10416855131606781,0.07583364323832083,0.0519561767578125,2660,13
XGBoost,95,"{'n_estimators': 120, 'max_depth': 3, 'learning_rate': 0.07, 'random_state': 42, 'eval_metric': 'rmse'}",0.6907701131634418,0.017391167375912245,0.702172671758013,0.009902245730526423,0.09951002829125526,0.07156565531089862,0.05995059013366699,2660,13
XGBoost,96,"{'n_estimators': 120, 'max_depth': 4, 'learning_rate': 0.01, 'random_state': 42, 'eval_metric': 'rmse'}",0.49937021472309695,0.025262411193422284,0.48962416288071153,0.01696911758873926,0.1302655656293683,0.09805392555416058,0.06394672393798828,2660,13
XGBoost,97,"{'n_estimators': 120, 'max_depth': 4, 'learning_rate': 0.02, 'random_state': 42, 'eval_metric': 'rmse'}",0.6245978383051879,0.024217399554696817,0.6070290845135142,0.01306560614523395,0.11430488242080454,0.08340231246202742,0.06394600868225098,2660,13
XGBoost,98,"{'n_estimators': 120, 'max_depth': 4, 'learning_rate': 0.03, 'random_state': 42, 'eval_metric': 'rmse'}",0.683404360121349,0.01842069047039356,0.6720987815343107,0.010902150785666335,0.10441336497626315,0.07494975296948318,0.06394672393798828,2660,13
XGBoost,99,"{'n_estimators': 120, 'max_depth': 4, 'learning_rate': 0.05, 'random_state': 42, 'eval_metric': 'rmse'}",0.7256678161382741,0.018054859986905807,0.7258690376360932,0.0091143823761785,0.09546927451373295,0.06780823216430777,0.06394648551940918,2660,13
XGBoost,100,"{'n_estimators': 120, 'max_depth': 4, 'learning_rate': 0.07, 'random_state': 42, 'eval_metric': 'rmse'}",0.7427097938072822,0.01631291156364148,0.7436334106713254,0.00852374756747256,0.09232414401158864,0.06515182340108984,0.06394743919372559,2660,13
XGBoost,101,"{'n_estimators': 120, 'max_depth': 5, 'learning_rate': 0.01, 'random_state': 42, 'eval_metric': 'rmse', 'subsample': 0.7, 'reg_alpha': 0.0, 'reg_lambda': 0.0}",0.5674722078250654,0.01998886763402574,0.5564159411710191,0.014748405992817203,0.12144301541388539,0.09076384592599597,0.08393096923828125,2660,13
XGBoost,102,"{'n_estimators': 120, 'max_depth': 5, 'learning_rate': 0.02, 'random_state': 42, 'eval_metric': 'rmse'}",0.6738900368363986,0.023037069858020783,0.6638432408519368,0.01117663329523914,0.10571959749847301,0.07592715379448314,0.08393096923828125,2660,13
XGBoost,103,"{'n_estimators': 120, 'max_depth': 5, 'learning_rate': 0.03, 'random_state': 42, 'eval_metric': 'rmse'}",0.7227266735344646,0.01660556587101183,0.7169120724301652,0.009412186043130145,0.09701642151270137,0.06865894485373988,0.09991741180419922,2660,13
XGBoost,104,"{'n_estimators': 120, 'max_depth': 5, 'learning_rate': 0.05, 'random_state': 42, 'eval_metric': 'rmse'}",0.7586971789814679,0.014385186231864869,0.7587543976472835,0.008021000792662266,0.08956004015554184,0.06308453412879643,0.07993412017822266,2660,13
XGBoost,105,"{'n_estimators': 120, 'max_depth': 5, 'learning_rate': 0.07, 'random_state': 42, 'eval_metric': 'rmse'}",0.7697553588088367,0.0130997531147449,0.7762396191611496,0.007439647291272664,0.08625339002771232,0.06005485372962841,0.08392977714538574,2660,13
XGBoost,106,"{'n_estimators': 120, 'max_depth': 6, 'learning_rate': 0.01, 'random_state': 42, 'eval_metric': 'rmse', 'colsample_bytree': 0.8}",0.5923930269737336,0.019576858645898906,0.5868767743333755,0.013735635751380045,0.11719912862892815,0.08778711897432465,0.1039128303527832,2660,13
XGBoost,107,"{'n_estimators': 120, 'max_depth': 6, 'learning_rate': 0.02, 'random_state': 42, 'eval_metric': 'rmse'}",0.7153232332824979,0.025641609897115114,0.7105332200991987,0.009624271897147704,0.09810337352582582,0.06982280242948082,0.10194134712219238,2660,13
XGBoost,108,"{'n_estimators': 120, 'max_depth': 6, 'learning_rate': 0.03, 'random_state': 42, 'eval_metric': 'rmse'}",0.7543681513337538,0.02067764010806838,0.7492121749965199,0.008338263261694264,0.09131409125482366,0.06355412540884675,0.103912353515625,2660,13
XGBoost,109,"{'n_estimators': 120, 'max_depth': 6, 'learning_rate': 0.05, 'random_state': 42, 'eval_metric': 'rmse'}",0.7799664511137865,0.02153623332797719,0.7858861325463364,0.00711891733493595,0.08437367678924482,0.05785188155644804,0.09991669654846191,2660,13
XGBoost,110,"{'n_estimators': 120, 'max_depth': 6, 'learning_rate': 0.07, 'random_state': 42, 'eval_metric': 'rmse'}",0.7856606629714341,0.020434782754463903,0.7891785939733975,0.007009448662932325,0.0837224501727722,0.05668629419719999,0.10391426086425781,2660,13
XGBoost,111,"{'n_estimators': 120, 'max_depth': 7, 'learning_rate': 0.01, 'random_state': 42, 'eval_metric': 'rmse', 'subsample': 0.9}",0.6246374552087597,0.022589526277875877,0.6182553507551676,0.012692352127151219,0.11266033963711994,0.08320562256498112,0.13988327980041504,2660,13
XGBoost,112,"{'n_estimators': 120, 'max_depth': 7, 'learning_rate': 0.02, 'random_state': 42, 'eval_metric': 'rmse'}",0.7329234119800446,0.023266818898063136,0.7256976683187129,0.009120080110840357,0.09549911052381774,0.06659202390220723,0.13988304138183594,2660,13
XGBoost,113,"{'n_estimators': 120, 'max_depth': 7, 'learning_rate': 0.03, 'random_state': 42, 'eval_metric': 'rmse'}",0.7643239056142719,0.022306651009541753,0.7594477425133465,0.007997948269979805,0.08943124884501952,0.06064033771062386,0.14787697792053223,2660,13
XGBoost,114,"{'n_estimators': 120, 'max_depth': 7, 'learning_rate': 0.05, 'random_state': 42, 'eval_metric': 'rmse'}",0.7848432643216678,0.022478086150876715,0.7901804992717094,0.006976137037296211,0.08352327242928291,0.05567336877934227,0.13817095756530762,2660,13
XGBoost,115,"{'n_estimators': 120, 'max_depth': 7, 'learning_rate': 0.07, 'random_state': 42, 'eval_metric': 'rmse'}",0.7891620280136358,0.021910726773645608,0.7941018162666711,0.006845760000707243,0.0827391080487773,0.05425555747054586,0.12789201736450195,2660,13
XGBoost,116,"{'n_estimators': 120, 'max_depth': 8, 'learning_rate': 0.01, 'random_state': 42, 'eval_metric': 'rmse'}",0.6369429181545034,0.02267564986908559,0.6391346507122501,0.011998151362980873,0.10953607334107276,0.08128947060465344,0.3197338581085205,2660,13
XGBoost,117,"{'n_estimators': 120, 'max_depth': 8, 'learning_rate': 0.02, 'random_state': 42, 'eval_metric': 'rmse'}",0.7464014272489277,0.01850593441508614,0.7501922892508315,0.008305676150741504,0.0911354823915554,0.06380313041379003,0.19983339309692383,2660,13
XGBoost,118,"{'n_estimators': 120, 'max_depth': 8, 'learning_rate': 0.03, 'random_state': 42, 'eval_metric': 'rmse'}",0.7713710530195728,0.019574812622543063,0.7802857775594214,0.00730511949303191,0.08546999176922805,0.05807467898151655,0.2431957721710205,2660,13
XGBoost,119,"{'n_estimators': 120, 'max_depth': 8, 'learning_rate': 0.05, 'random_state': 42, 'eval_metric': 'rmse'}",0.7822874253087317,0.02140191199042346,0.7941484117908477,0.006844210779777574,0.08272974543522767,0.054695825693430414,0.1966569423675537,2660,13
XGBoost,120,"{'n_estimators': 120, 'max_depth': 8, 'learning_rate': 0.07, 'random_state': 42, 'eval_metric': 'rmse'}",0.7847656054778126,0.023789042739018437,0.798584375071983,0.006696722640523596,0.08183350561062135,0.05366040396777198,0.17451214790344238,2660,13
XGBoost,121,"{'n_estimators': 150, 'max_depth': 3, 'learning_rate': 0.01, 'random_state': 42, 'eval_metric': 'rmse', 'subsample': 0.7, 'colsample_bytree': 0.7, 'reg_alpha': 0.0}",0.4554794746698171,0.0182524635313618,0.45592805139822457,0.018089455262358292,0.13449704555252615,0.10153940225620656,0.06794333457946777,2660,13
XGBoost,122,"{'n_estimators': 150, 'max_depth': 3, 'learning_rate': 0.02, 'random_state': 42, 'eval_metric': 'rmse'}",0.5836871166361535,0.020130507971047783,0.5882630800078164,0.013689543475271711,0.11700232252084448,0.08644393565113932,0.05994987487792969,2660,13
XGBoost,123,"{'n_estimators': 150, 'max_depth': 3, 'learning_rate': 0.03, 'random_state': 42, 'eval_metric': 'rmse'}",0.6356654001399333,0.018859096355616323,0.6446517014547031,0.011814718927542428,0.10869553315358653,0.0795410452641982,0.06394720077514648,2660,13
XGBoost,124,"{'n_estimators': 150, 'max_depth': 3, 'learning_rate': 0.05, 'random_state': 42, 'eval_metric': 'rmse'}",0.6804546529943624,0.015104131830394643,0.6914720817694744,0.010258021918539726,0.10128189334002266,0.0733701909805201,0.07193779945373535,2660,13
XGBoost,125,"{'n_estimators': 150, 'max_depth': 3, 'learning_rate': 0.07, 'random_state': 42, 'eval_metric': 'rmse'}",0.7045488141608635,0.01694683375787782,0.7167664730717926,0.00941702697103734,0.09704136731846548,0.0697123887692902,0.05994915962219238,2660,13
XGBoost,126,"{'n_estimators': 150, 'max_depth': 4, 'learning_rate': 0.01, 'random_state': 42, 'eval_metric': 'rmse', 'reg_lambda': 0.1}",0.546783865441523,0.026548063393445953,0.5321282632515476,0.015555929454153425,0.12472341181251187,0.0928963567349464,0.07802438735961914,2660,13
XGBoost,127,"{'n_estimators': 150, 'max_depth': 4, 'learning_rate': 0.02, 'random_state': 42, 'eval_metric': 'rmse'}",0.6593363558628453,0.0204528205413505,0.6422984674843779,0.011892959904195342,0.10905484814622109,0.07874211628977036,0.07593655586242676,2660,13
XGBoost,128,"{'n_estimators': 150, 'max_depth': 4, 'learning_rate': 0.03, 'random_state': 42, 'eval_metric': 'rmse'}",0.7057004939998546,0.017983854487861644,0.6992150391160397,0.01000058192208521,0.10000290956809811,0.07142588739029962,0.07193970680236816,2660,13
XGBoost,129,"{'n_estimators': 150, 'max_depth': 4, 'learning_rate': 0.05, 'random_state': 42, 'eval_metric': 'rmse'}",0.7377081030596514,0.016701780545891217,0.7418846773885309,0.00858188993736721,0.09263849058230175,0.06560772889785467,0.07993578910827637,2660,13
XGBoost,130,"{'n_estimators': 150, 'max_depth': 4, 'learning_rate': 0.07, 'random_state': 42, 'eval_metric': 'rmse'}",0.7519589522101249,0.015541631502524782,0.7526295199339069,0.008224642428053095,0.09068981435670213,0.06376820762534328,0.0741117000579834,2660,13
XGBoost,131,"{'n_estimators': 150, 'max_depth': 5, 'learning_rate': 0.01, 'random_state': 42, 'eval_metric': 'rmse', 'subsample': 0.9}",0.6021073429792521,0.024053404829766846,0.5925484769152026,0.013547061408631749,0.11639184425307363,0.08591397059650277,0.12697505950927734,2660,13
XGBoost,132,"{'n_estimators': 150, 'max_depth': 5, 'learning_rate': 0.02, 'random_state': 42, 'eval_metric': 'rmse'}",0.7051195682926507,0.018962570738096464,0.7000326278460574,0.009973398504905421,0.0998669039517368,0.07115415031255747,0.09591960906982422,2660,13
XGBoost,133,"{'n_estimators': 150, 'max_depth': 5, 'learning_rate': 0.03, 'random_state': 42, 'eval_metric': 'rmse'}",0.7414658959864351,0.015485718981970237,0.7397408157192766,0.008653169645601253,0.09302241474828125,0.06559762999628167,0.12389588356018066,2660,13
XGBoost,134,"{'n_estimators': 150, 'max_depth': 5, 'learning_rate': 0.05, 'random_state': 42, 'eval_metric': 'rmse'}",0.7671411143580951,0.014235721642064818,0.7673338694084191,0.00773574813261137,0.08795310189306213,0.06149569185214959,0.108245849609375,2660,13
XGBoost,135,"{'n_estimators': 150, 'max_depth': 5, 'learning_rate': 0.07, 'random_state': 42, 'eval_metric': 'rmse'}",0.7763832682742928,0.012214085266606936,0.7826358125178007,0.007226984878016689,0.08501167495124826,0.0588657747283498,0.1079094409942627,2660,13
XGBoost,136,"{'n_estimators': 150, 'max_depth': 6, 'learning_rate': 0.01, 'random_state': 42, 'eval_metric': 'rmse', 'colsample_bytree': 1.0}",0.6414242719713337,0.02645146085444315,0.632740468396769,0.01221074691258146,0.11050224845034358,0.08100151134222962,0.13988351821899414,2660,13
XGBoost,137,"{'n_estimators': 150, 'max_depth': 6, 'learning_rate': 0.02, 'random_state': 42, 'eval_metric': 'rmse'}",0.7375937226837396,0.02380227049149045,0.7338905156658273,0.008847682046691245,0.09406211802150345,0.0659522047578645,0.13988375663757324,2660,13
XGBoost,138,"{'n_estimators': 150, 'max_depth': 6, 'learning_rate': 0.03, 'random_state': 42, 'eval_metric': 'rmse'}",0.7672299504960864,0.020354381668866543,0.7670281717845152,0.007745912052118029,0.08801086326197483,0.06096441393721479,0.13188934326171875,2660,13
XGBoost,139,"{'n_estimators': 150, 'max_depth': 6, 'learning_rate': 0.05, 'random_state': 42, 'eval_metric': 'rmse'}",0.7850748531301459,0.02172252526689625,0.7918008130179954,0.006922264395819744,0.08320014660936448,0.056493629519447475,0.12389683723449707,2660,13
XGBoost,140,"{'n_estimators': 150, 'max_depth': 6, 'learning_rate': 0.07, 'random_state': 42, 'eval_metric': 'rmse'}",0.7892305109458702,0.020438802321825936,0.7936796655994748,0.00685979578334196,0.08282388413580928,0.055744804893725436,0.14388036727905273,2660,13
XGBoost,141,"{'n_estimators': 150, 'max_depth': 7, 'learning_rate': 0.01, 'random_state': 42, 'eval_metric': 'rmse', 'subsample': 0.7, 'reg_alpha': 0.0}",0.6719597632508628,0.020105363306436825,0.6629032881426056,0.011207885103989575,0.10586729950267729,0.07725095536407561,0.17585206031799316,2660,13
XGBoost,142,"{'n_estimators': 150, 'max_depth': 7, 'learning_rate': 0.02, 'random_state': 42, 'eval_metric': 'rmse'}",0.752088394810075,0.023429203068649544,0.7471272662642692,0.00840758288630471,0.09169287260362557,0.06282508737491581,0.19983363151550293,2660,13
XGBoost,143,"{'n_estimators': 150, 'max_depth': 7, 'learning_rate': 0.03, 'random_state': 42, 'eval_metric': 'rmse'}",0.7754028435977061,0.02125854808297533,0.7749688363277721,0.007481898631875005,0.08649796894653079,0.057981054257351144,0.17185640335083008,2660,13
XGBoost,144,"{'n_estimators': 150, 'max_depth': 7, 'learning_rate': 0.05, 'random_state': 42, 'eval_metric': 'rmse'}",0.7880992720987658,0.02191962998442563,0.7936520192406876,0.0068607149771576555,0.08282943303655806,0.054792361767438624,0.16385626792907715,2660,13
XGBoost,145,"{'n_estimators': 150, 'max_depth': 7, 'learning_rate': 0.07, 'random_state': 42, 'eval_metric': 'rmse'}",0.7913837982448555,0.02201984755102091,0.7960323220530674,0.006781574008125772,0.08235031273848188,0.053771859265973894,0.18247628211975098,2660,13
XGBoost,146,"{'n_estimators': 150, 'max_depth': 8, 'learning_rate': 0.01, 'random_state': 42, 'eval_metric': 'rmse'}",0.6818895144563486,0.021288640765243123,0.684139587091536,0.01050181473818228,0.10247836229264343,0.07467346486782396,0.24379611015319824,2660,13
XGBoost,147,"{'n_estimators': 150, 'max_depth': 8, 'learning_rate': 0.02, 'random_state': 42, 'eval_metric': 'rmse'}",0.762809739707811,0.01854316443597543,0.7686072978628258,0.0076934088296662295,0.08771207915484748,0.060276336250550504,0.23580288887023926,2660,13
XGBoost,148,"{'n_estimators': 150, 'max_depth': 8, 'learning_rate': 0.03, 'random_state': 42, 'eval_metric': 'rmse'}",0.778167667106727,0.02151128391163483,0.7891737627774436,0.00700960929187726,0.08372340946161509,0.05631803664786789,0.2419435977935791,2660,13
XGBoost,149,"{'n_estimators': 150, 'max_depth': 8, 'learning_rate': 0.05, 'random_state': 42, 'eval_metric': 'rmse'}",0.7840241878824636,0.02145558280053241,0.7967634575540571,0.006757265011916972,0.0822025851899864,0.054174440038258324,0.2158203125,2660,13
XGBoost,150,"{'n_estimators': 150, 'max_depth': 8, 'learning_rate': 0.07, 'random_state': 42, 'eval_metric': 'rmse'}",0.7850329804057437,0.024407241848919552,0.8002195334040723,0.006642356442135281,0.08150065301661871,0.05331140329687613,0.20776748657226562,2660,13
LightGBM,1,"{'n_estimators': 50, 'max_depth': 3, 'learning_rate': 0.01, 'random_state': 42, 'verbose': -1, 'num_leaves': 7, 'subsample': 0.7, 'colsample_bytree': 0.7, 'reg_alpha': 0.0, 'reg_lambda': 0.0, 'min_child_samples': 5}",0.23988750940679618,0.01195061348603141,0.23400841656723403,0.02546790091909692,0.15958665645691347,0.1246583415783819,0.0159909725189209,2660,13
LightGBM,2,"{'n_estimators': 50, 'max_depth': 3, 'learning_rate': 0.02, 'random_state': 42, 'verbose': -1, 'num_leaves': 7}",0.39034246807771755,0.02017693789176148,0.39470203793014336,0.02012511476358733,0.14186301407903093,0.10872861803177689,0.01598644256591797,2660,13
LightGBM,3,"{'n_estimators': 50, 'max_depth': 3, 'learning_rate': 0.03, 'random_state': 42, 'verbose': -1, 'num_leaves': 7}",0.4617829229252733,0.02263658083844775,0.4650408349526063,0.017786470903678925,0.13336592857127688,0.1006723171413615,0.011988401412963867,2660,13
LightGBM,4,"{'n_estimators': 50, 'max_depth': 3, 'learning_rate': 0.05, 'random_state': 42, 'verbose': -1, 'num_leaves': 7}",0.5455706804695523,0.02364861216958164,0.5502535978219882,0.014953293296068294,0.12228365915390452,0.09078528775840336,0.011980295181274414,2660,13
LightGBM,5,"{'n_estimators': 50, 'max_depth': 3, 'learning_rate': 0.07, 'random_state': 42, 'verbose': -1, 'num_leaves': 7}",0.5950099925944861,0.02180291773127695,0.5984931383699201,0.013349411653463636,0.11553965403039615,0.08497550704028173,0.01199030876159668,2660,13
LightGBM,6,"{'n_estimators': 50, 'max_depth': 4, 'learning_rate': 0.01, 'random_state': 42, 'verbose': -1, 'num_leaves': 15}",0.3117731302521959,0.012548235750467977,0.31760846937904463,0.022688343143408455,0.1506265021283056,0.11744994747812675,0.01598644256591797,2660,13
LightGBM,7,"{'n_estimators': 50, 'max_depth': 4, 'learning_rate': 0.02, 'random_state': 42, 'verbose': -1, 'num_leaves': 7}",0.39577148949468727,0.019638342235279438,0.40285767386638105,0.019853953914762468,0.14090405925580166,0.10885766933702178,0.015996217727661133,2660,13
LightGBM,8,"{'n_estimators': 50, 'max_depth': 4, 'learning_rate': 0.03, 'random_state': 42, 'verbose': -1, 'num_leaves': 15}",0.5419329742342438,0.031001573172091682,0.535690430070999,0.01543749354235329,0.12424771041090975,0.09274738875510667,0.015978574752807617,2660,13
LightGBM,9,"{'n_estimators': 50, 'max_depth': 4, 'learning_rate': 0.05, 'random_state': 42, 'verbose': -1, 'num_leaves': 7}",0.5549035173631778,0.024389167390220838,0.5577135366390122,0.014705263178291985,0.12126525956881462,0.09023936386978222,0.011989355087280273,2660,13
LightGBM,10,"{'n_estimators': 50, 'max_depth': 4, 'learning_rate': 0.07, 'random_state': 42, 'verbose': -1, 'num_leaves': 15}",0.6729538881963326,0.02285987459024902,0.6709889238800507,0.010939051641216628,0.10458992131757547,0.0751885636116006,0.019984006881713867,2660,13
LightGBM,11,"{'n_estimators': 50, 'max_depth': 5, 'learning_rate': 0.01, 'random_state': 42, 'verbose': -1, 'num_leaves': 15, 'subsample': 0.9}",0.3232332624214339,0.013871860849263,0.3256476411788206,0.02242105452654043,0.14973661718678044,0.11728485794288188,0.023976802825927734,2660,13
LightGBM,12,"{'n_estimators': 50, 'max_depth': 5, 'learning_rate': 0.02, 'random_state': 42, 'verbose': -1, 'num_leaves': 31}",0.5038125558781623,0.026539618717839043,0.5074958803949086,0.016374913760981918,0.12796450195652667,0.09637307681668321,0.027990102767944336,2660,13
LightGBM,13,"{'n_estimators': 50, 'max_depth': 5, 'learning_rate': 0.03, 'random_state': 42, 'verbose': -1, 'num_leaves': 7}",0.46958466887212874,0.021850958757550876,0.47673385520484246,0.017397698118612047,0.13190033403525575,0.10051009450241281,0.011993885040283203,2660,13
LightGBM,14,"{'n_estimators': 50, 'max_depth': 5, 'learning_rate': 0.05, 'random_state': 42, 'verbose': -1, 'num_leaves': 15}",0.6393818480503481,0.028442420091036303,0.6336422104410337,0.012180765542636113,0.11036650552878854,0.08044317931163476,0.019989013671875,2660,13
LightGBM,15,"{'n_estimators': 50, 'max_depth': 5, 'learning_rate': 0.07, 'random_state': 42, 'verbose': -1, 'num_leaves': 31}",0.7047822979346821,0.020779587626588925,0.7050243636123487,0.009807431887699922,0.0990324789536237,0.07014151662707882,0.023967981338500977,2660,13
LightGBM,16,"{'n_estimators': 50, 'max_depth': 6, 'learning_rate': 0.01, 'random_state': 42, 'verbose': -1, 'num_leaves': 63, 'colsample_bytree': 1.0}",0.37804358912423874,0.01793269515525297,0.3769628066658134,0.020714913651711218,0.14392676489003434,0.11188989649946557,0.03203248977661133,2660,13
LightGBM,17,"{'n_estimators': 50, 'max_depth': 6, 'learning_rate': 0.02, 'random_state': 42, 'verbose': -1, 'num_leaves': 7}",0.39638833321774464,0.0193640466194551,0.40286726832784936,0.019853634915442724,0.14090292727776355,0.10896765375050872,0.015988826751708984,2660,13
LightGBM,18,"{'n_estimators': 50, 'max_depth': 6, 'learning_rate': 0.03, 'random_state': 42, 'verbose': -1, 'num_leaves': 15}",0.5585539313012037,0.03078329953021835,0.5527114367966353,0.014871574383177788,0.12194906470808946,0.09119118108244786,0.023965835571289062,2660,13
LightGBM,19,"{'n_estimators': 50, 'max_depth': 6, 'learning_rate': 0.05, 'random_state': 42, 'verbose': -1, 'num_leaves': 31}",0.6903171494602953,0.02688950941350461,0.6869596572442465,0.010408052262474297,0.10201986209789884,0.07281332626102,0.027976274490356445,2660,13
LightGBM,20,"{'n_estimators': 50, 'max_depth': 6, 'learning_rate': 0.07, 'random_state': 42, 'verbose': -1, 'num_leaves': 63}",0.7236218466993677,0.023191234535856694,0.7221952686647752,0.009236528867321233,0.096106861707795,0.06675741008908728,0.02797722816467285,2660,13
LightGBM,21,"{'n_estimators': 50, 'max_depth': 7, 'learning_rate': 0.01, 'random_state': 42, 'verbose': -1, 'num_leaves': 7, 'subsample': 0.7, 'reg_alpha': 0.0}",0.2742579799258279,0.012537670825346098,0.2819096301246924,0.023875268066241385,0.15451623884317592,0.12179328852490305,0.015985965728759766,2660,13
LightGBM,22,"{'n_estimators': 50, 'max_depth': 7, 'learning_rate': 0.02, 'random_state': 42, 'verbose': -1, 'num_leaves': 15}",0.47393538718346323,0.02738994708756076,0.47391111230281824,0.017491549458631562,0.132255621652282,0.10081460569471593,0.019983768463134766,2660,13
LightGBM,23,"{'n_estimators': 50, 'max_depth': 7, 'learning_rate': 0.03, 'random_state': 42, 'verbose': -1, 'num_leaves': 31}",0.6202725851866658,0.03029946742164556,0.6084966910168258,0.013016810756586126,0.11409123873718843,0.08396950007523754,0.035970449447631836,2660,13
LightGBM,24,"{'n_estimators': 50, 'max_depth': 7, 'learning_rate': 0.05, 'random_state': 42, 'verbose': -1, 'num_leaves': 63}",0.7061596314175218,0.02924288304027031,0.7004154018257547,0.00996067192931349,0.09980316592830855,0.07030139867330257,0.03595304489135742,2660,13
LightGBM,25,"{'n_estimators': 50, 'max_depth': 7, 'learning_rate': 0.07, 'random_state': 42, 'verbose': -1, 'num_leaves': 127}",0.7336150031773535,0.019707904931540367,0.7354609576098533,0.008795467556748149,0.09378415408131668,0.06508122936211491,0.03197360038757324,2660,13
LightGBM,26,"{'n_estimators': 50, 'max_depth': 8, 'learning_rate': 0.01, 'random_state': 42, 'verbose': -1, 'num_leaves': 15, 'reg_lambda': 0.1}",0.3250422073875051,0.016350367109760983,0.32665711802843256,0.022387491159863708,0.14962450053338092,0.11741666031264225,0.019977807998657227,2660,13
LightGBM,27,"{'n_estimators': 50, 'max_depth': 8, 'learning_rate': 0.02, 'random_state': 42, 'verbose': -1, 'num_leaves': 31}",0.539486442118785,0.03157940678786778,0.527501633462969,0.01570975692640424,0.12533856918923336,0.09445067675293836,0.03197336196899414,2660,13
LightGBM,28,"{'n_estimators': 50, 'max_depth': 8, 'learning_rate': 0.03, 'random_state': 42, 'verbose': -1, 'num_leaves': 63}",0.6460039536005253,0.03060414671177355,0.6390313435817225,0.012001586147150065,0.10955175099992727,0.07933741622658232,0.043977975845336914,2660,13
LightGBM,29,"{'n_estimators': 50, 'max_depth': 8, 'learning_rate': 0.05, 'random_state': 42, 'verbose': -1, 'num_leaves': 127}",0.7135730213370347,0.026637375748011945,0.7079792486763838,0.009709187048375558,0.0985352071514317,0.06848200649547284,0.043956756591796875,2660,13
LightGBM,30,"{'n_estimators': 50, 'max_depth': 8, 'learning_rate': 0.07, 'random_state': 42, 'verbose': -1, 'num_leaves': 255}",0.7423057794211255,0.022517681521280343,0.7455881847447393,0.008458754696143846,0.09197148849585858,0.06288709837864055,0.043955087661743164,2660,13
LightGBM,31,"{'n_estimators': 80, 'max_depth': 3, 'learning_rate': 0.01, 'random_state': 42, 'verbose': -1, 'num_leaves': 7, 'subsample': 0.9, 'colsample_bytree': 0.9, 'min_child_samples': 15}",0.3445984451524956,0.017370794433895866,0.3424018441543344,0.021864006132553376,0.14786482385122357,0.11441585221410885,0.1297464370727539,2660,13
LightGBM,32,"{'n_estimators': 80, 'max_depth': 3, 'learning_rate': 0.02, 'random_state': 42, 'verbose': -1, 'num_leaves': 7}",0.4713085475510538,0.022610233545708305,0.4748173848374948,0.017461417457682666,0.1321416567842354,0.09954465506493713,0.019980430603027344,2660,13
LightGBM,33,"{'n_estimators': 80, 'max_depth': 3, 'learning_rate': 0.03, 'random_state': 42, 'verbose': -1, 'num_leaves': 7}",0.5384541466048332,0.02396430175426189,0.5425623750358073,0.015209013207489947,0.1233248280253816,0.09164179234772464,0.018262386322021484,2660,13
LightGBM,34,"{'n_estimators': 80, 'max_depth': 3, 'learning_rate': 0.05, 'random_state': 42, 'verbose': -1, 'num_leaves': 7}",0.6094065912896283,0.022611685849665965,0.6143636486584247,0.012821744519378713,0.11323314231875185,0.08299164084603998,0.01607227325439453,2660,13
LightGBM,35,"{'n_estimators': 80, 'max_depth': 3, 'learning_rate': 0.07, 'random_state': 42, 'verbose': -1, 'num_leaves': 7}",0.6456257164928524,0.022490217854654864,0.6576959186146505,0.011381021172394857,0.10668186899560232,0.07778194973562573,0.014385700225830078,2660,13
LightGBM,36,"{'n_estimators': 80, 'max_depth': 4, 'learning_rate': 0.01, 'random_state': 42, 'verbose': -1, 'num_leaves': 15}",0.4127640091358769,0.02194295619208376,0.4159247623237158,0.019419495728366893,0.13935385078413476,0.10697556618248681,0.01998448371887207,2660,13
LightGBM,37,"{'n_estimators': 80, 'max_depth': 4, 'learning_rate': 0.02, 'random_state': 42, 'verbose': -1, 'num_leaves': 7}",0.47678882465215117,0.02399499703894717,0.48165293838247947,0.017234147074853285,0.13127889043884125,0.09958950267040842,0.015984773635864258,2660,13
LightGBM,38,"{'n_estimators': 80, 'max_depth': 4, 'learning_rate': 0.03, 'random_state': 42, 'verbose': -1, 'num_leaves': 15}",0.6171487321816667,0.03002945079763071,0.6105162643392625,0.012949663421827996,0.11379658791821483,0.08295875989978786,0.023977279663085938,2660,13
LightGBM,39,"{'n_estimators': 80, 'max_depth': 4, 'learning_rate': 0.05, 'random_state': 42, 'verbose': -1, 'num_leaves': 7}",0.6203057171690508,0.022814920408405697,0.6299980309150761,0.01230192823568108,0.11091405788123108,0.08150751815457996,0.019976377487182617,2660,13
LightGBM,40,"{'n_estimators': 80, 'max_depth': 4, 'learning_rate': 0.07, 'random_state': 42, 'verbose': -1, 'num_leaves': 15}",0.7100871227687511,0.02127314307978008,0.7173036981827332,0.009399165161335236,0.09694929170104977,0.0688978696337606,0.023980140686035156,2660,13
LightGBM,41,"{'n_estimators': 80, 'max_depth': 5, 'learning_rate': 0.01, 'random_state': 42, 'verbose': -1, 'num_leaves': 15, 'subsample': 0.7, 'reg_alpha': 0.0}",0.4222101271143239,0.022547291478006177,0.4231663852074222,0.019178724239378477,0.1384872710373718,0.10657115343292378,0.02797698974609375,2660,13
LightGBM,42,"{'n_estimators': 80, 'max_depth': 5, 'learning_rate': 0.02, 'random_state': 42, 'verbose': -1, 'num_leaves': 31}",0.599557959293713,0.029195659657822417,0.5943790507402815,0.013486197981656126,0.11613009076744979,0.08558913956472243,0.032044410705566406,2660,13
LightGBM,43,"{'n_estimators': 80, 'max_depth': 5, 'learning_rate': 0.03, 'random_state': 42, 'verbose': -1, 'num_leaves': 7}",0.5496996842185202,0.023620004715415657,0.5570139707944142,0.014728522537796647,0.12136112449131578,0.09055181015862476,0.015995502471923828,2660,13
LightGBM,44,"{'n_estimators': 80, 'max_depth': 5, 'learning_rate': 0.05, 'random_state': 42, 'verbose': -1, 'num_leaves': 15}",0.6977146787209874,0.019981510391972716,0.7016450764243041,0.009919787366720464,0.0995981293334391,0.07122967948242574,0.02397632598876953,2660,13
LightGBM,45,"{'n_estimators': 80, 'max_depth': 5, 'learning_rate': 0.07, 'random_state': 42, 'verbose': -1, 'num_leaves': 31}",0.7355338336395464,0.01697156742103229,0.7400803783662382,0.00864187977240201,0.09296171132462015,0.06452790722148263,0.031905412673950195,2660,13
LightGBM,46,"{'n_estimators': 80, 'max_depth': 6, 'learning_rate': 0.01, 'random_state': 42, 'verbose': -1, 'num_leaves': 15, 'colsample_bytree': 0.8}",0.417252609860188,0.022188957119578048,0.4108533202193333,0.019588112444039574,0.13995753800363728,0.10822496859096109,0.027979612350463867,2660,13
LightGBM,47,"{'n_estimators': 80, 'max_depth': 6, 'learning_rate': 0.02, 'random_state': 42, 'verbose': -1, 'num_leaves': 31}",0.6240872281236205,0.03244098433113055,0.6164754135333981,0.012751531974275762,0.1129226813987153,0.08287990110967934,0.03996777534484863,2660,13
LightGBM,48,"{'n_estimators': 80, 'max_depth': 6, 'learning_rate': 0.03, 'random_state': 42, 'verbose': -1, 'num_leaves': 63}",0.6891561659018297,0.027352445109721384,0.6860944179766917,0.010436819977960997,0.10216075556670966,0.0727644623495546,0.04404044151306152,2660,13
LightGBM,49,"{'n_estimators': 80, 'max_depth': 6, 'learning_rate': 0.05, 'random_state': 42, 'verbose': -1, 'num_leaves': 7}",0.624380116143639,0.019881411865607764,0.6339464389942697,0.012170650467199057,0.11032067107844774,0.0813827188306972,0.01998281478881836,2660,13
LightGBM,50,"{'n_estimators': 80, 'max_depth': 6, 'learning_rate': 0.07, 'random_state': 42, 'verbose': -1, 'num_leaves': 15}",0.7262048451292626,0.01796929218385895,0.7362407279095227,0.008769541537244598,0.09364583032492477,0.06609424251351181,0.023973464965820312,2660,13
LightGBM,51,"{'n_estimators': 80, 'max_depth': 7, 'learning_rate': 0.01, 'random_state': 42, 'verbose': -1, 'num_leaves': 7, 'subsample': 0.9, 'reg_lambda': 0.5}",0.35616104340812277,0.017747288093434076,0.3615045676648173,0.02122887347552127,0.14570131597045125,0.1133248127289342,0.01998281478881836,2660,13
LightGBM,52,"{'n_estimators': 80, 'max_depth': 7, 'learning_rate': 0.02, 'random_state': 42, 'verbose': -1, 'num_leaves': 15}",0.5705873775574691,0.028523820750860705,0.5663108116193818,0.014419418591863182,0.12008088354048359,0.08949123838832636,0.027977466583251953,2660,13
LightGBM,53,"{'n_estimators': 80, 'max_depth': 7, 'learning_rate': 0.03, 'random_state': 42, 'verbose': -1, 'num_leaves': 31}",0.6885411466352349,0.028284453422020094,0.6790031611270094,0.010672592055286211,0.10330823808044648,0.07365360558912683,0.043961286544799805,2660,13
LightGBM,54,"{'n_estimators': 80, 'max_depth': 7, 'learning_rate': 0.05, 'random_state': 42, 'verbose': -1, 'num_leaves': 63}",0.7439623372708628,0.022433381062718766,0.7456693074889522,0.008456057504612525,0.09195682413291863,0.06327255554433636,0.04796004295349121,2660,13
LightGBM,55,"{'n_estimators': 80, 'max_depth': 7, 'learning_rate': 0.07, 'random_state': 42, 'verbose': -1, 'num_leaves': 127}",0.7565881658562907,0.017373950860310457,0.7587700667792769,0.008020479821009665,0.08955713160329369,0.061003458868301844,0.055951833724975586,2660,13
LightGBM,56,"{'n_estimators': 80, 'max_depth': 8, 'learning_rate': 0.01, 'random_state': 42, 'verbose': -1, 'num_leaves': 15}",0.42530029565922006,0.02443758650819899,0.42580951509374587,0.019090844722792245,0.13816962301024147,0.10658694732445807,0.03996634483337402,2660,13
LightGBM,57,"{'n_estimators': 80, 'max_depth': 8, 'learning_rate': 0.02, 'random_state': 42, 'verbose': -1, 'num_leaves': 31}",0.6319518055052834,0.03192097438035457,0.6191024985948974,0.012664185920481717,0.11253526523042329,0.08234397569373156,0.04796123504638672,2660,13
LightGBM,58,"{'n_estimators': 80, 'max_depth': 8, 'learning_rate': 0.03, 'random_state': 42, 'verbose': -1, 'num_leaves': 63}",0.7090973099629769,0.027567613410549835,0.7022887246061822,0.009898387173196974,0.09949063862091234,0.06928014963100981,0.059949636459350586,2660,13
LightGBM,59,"{'n_estimators': 80, 'max_depth': 8, 'learning_rate': 0.05, 'random_state': 42, 'verbose': -1, 'num_leaves': 127}",0.7513096715528736,0.018541381977355987,0.7532362557649258,0.008204469506623324,0.09057852674129406,0.06157547451838379,0.05587887763977051,2660,13
LightGBM,60,"{'n_estimators': 80, 'max_depth': 8, 'learning_rate': 0.07, 'random_state': 42, 'verbose': -1, 'num_leaves': 255}",0.763963277698165,0.019278149950592436,0.7724047875436909,0.007567148838009215,0.08698936048741372,0.05873388965187098,0.0519564151763916,2660,13
LightGBM,61,"{'n_estimators': 100, 'max_depth': 3, 'learning_rate': 0.01, 'random_state': 42, 'verbose': -1, 'num_leaves': 7, 'subsample': 0.7, 'colsample_bytree': 0.7, 'reg_alpha': 0.0, 'min_child_samples': 5}",0.3687923979997453,0.019192470455413658,0.3610440986290595,0.021244183277916794,0.1457538448134964,0.11178140207072172,0.022204875946044922,2660,13
LightGBM,62,"{'n_estimators': 100, 'max_depth': 3, 'learning_rate': 0.02, 'random_state': 42, 'verbose': -1, 'num_leaves': 7}",0.5087945050145222,0.0231546828904162,0.5122339600741381,0.016217380771811684,0.12734748042977403,0.09520702458872995,0.019982576370239258,2660,13
LightGBM,63,"{'n_estimators': 100, 'max_depth': 3, 'learning_rate': 0.03, 'random_state': 42, 'verbose': -1, 'num_leaves': 7}",0.5717777898966281,0.02416038624180415,0.5755710794436333,0.014111530635215627,0.11879196368111619,0.08762980745329063,0.01598834991455078,2660,13
LightGBM,64,"{'n_estimators': 100, 'max_depth': 3, 'learning_rate': 0.05, 'random_state': 42, 'verbose': -1, 'num_leaves': 7}",0.6331841803809719,0.021792793649838563,0.6429179422667428,0.011872363434572993,0.10896037552511001,0.07962604173409273,0.01598501205444336,2660,13
LightGBM,65,"{'n_estimators': 100, 'max_depth': 3, 'learning_rate': 0.07, 'random_state': 42, 'verbose': -1, 'num_leaves': 7}",0.6643490228635136,0.02173411073503175,0.6815476678272196,0.010587991589784332,0.1028979668884878,0.07483375333336098,0.019968748092651367,2660,13
LightGBM,66,"{'n_estimators': 100, 'max_depth': 4, 'learning_rate': 0.01, 'random_state': 42, 'verbose': -1, 'num_leaves': 15}",0.46024605029739407,0.026454673799146077,0.46049506430979226,0.01793760994859284,0.13393136282660922,0.10185932096904712,0.023978710174560547,2660,13
LightGBM,67,"{'n_estimators': 100, 'max_depth': 4, 'learning_rate': 0.02, 'random_state': 42, 'verbose': -1, 'num_leaves': 7}",0.5168207960720412,0.024030988627440002,0.5208037318088765,0.01593245062093261,0.12622381162416468,0.09491076128943968,0.019993066787719727,2660,13
LightGBM,68,"{'n_estimators': 100, 'max_depth': 4, 'learning_rate': 0.03, 'random_state': 42, 'verbose': -1, 'num_leaves': 15}",0.6506003412483887,0.024359700388915828,0.6440979714489017,0.011833129496573069,0.10878018889748753,0.07860152850218445,0.02797412872314453,2660,13
LightGBM,69,"{'n_estimators': 100, 'max_depth': 4, 'learning_rate': 0.05, 'random_state': 42, 'verbose': -1, 'num_leaves': 7}",0.6437168179168598,0.021636743867421704,0.6561621571597405,0.011432016099247872,0.10692060652300786,0.07839522412087299,0.01998162269592285,2660,13
LightGBM,70,"{'n_estimators': 100, 'max_depth': 4, 'learning_rate': 0.07, 'random_state': 42, 'verbose': -1, 'num_leaves': 15}",0.7225666107671611,0.019547474289285997,0.7294876977734693,0.008994068158853067,0.0948370611040487,0.06700536585492795,0.026139020919799805,2660,13
LightGBM,71,"{'n_estimators': 100, 'max_depth': 5, 'learning_rate': 0.01, 'random_state': 42, 'verbose': -1, 'num_leaves': 15, 'subsample': 0.9}",0.4697554228771108,0.027251343235708735,0.47007519526366914,0.017619087093769952,0.13273690931225554,0.10101763324092063,0.027976512908935547,2660,13
LightGBM,72,"{'n_estimators': 100, 'max_depth': 5, 'learning_rate': 0.02, 'random_state': 42, 'verbose': -1, 'num_leaves': 31}",0.6350017158595971,0.028621172422416807,0.6277597974847897,0.012376345642437541,0.11124902535500049,0.08112668572656813,0.03996562957763672,2660,13
LightGBM,73,"{'n_estimators': 100, 'max_depth': 5, 'learning_rate': 0.03, 'random_state': 42, 'verbose': -1, 'num_leaves': 7}",0.5829707219358087,0.023662410941832482,0.5896598000632485,0.0136431049389316,0.1168037025908494,0.08667309103768912,0.019985198974609375,2660,13
LightGBM,74,"{'n_estimators': 100, 'max_depth': 5, 'learning_rate': 0.05, 'random_state': 42, 'verbose': -1, 'num_leaves': 15}",0.7147294329996686,0.017667429687835582,0.7201938043066183,0.009303074110205251,0.09645244481196551,0.06812953850864335,0.027905941009521484,2660,13
LightGBM,75,"{'n_estimators': 100, 'max_depth': 5, 'learning_rate': 0.07, 'random_state': 42, 'verbose': -1, 'num_leaves': 31}",0.7460348048999819,0.014445095806522026,0.7498721912245652,0.0083163188588256,0.09119385318553877,0.0630787747342214,0.03996467590332031,2660,13
LightGBM,76,"{'n_estimators': 100, 'max_depth': 6, 'learning_rate': 0.01, 'random_state': 42, 'verbose': -1, 'num_leaves': 63, 'colsample_bytree': 1.0, 'reg_lambda': 1.0}",0.5344250227597005,0.027810862346659172,0.5350343955851617,0.015459305559151103,0.12433545576041898,0.0931873223126169,0.05594778060913086,2660,13
LightGBM,77,"{'n_estimators': 100, 'max_depth': 6, 'learning_rate': 0.02, 'random_state': 42, 'verbose': -1, 'num_leaves': 7}",0.5192190946332332,0.02223484575099204,0.5245464178443224,0.01580801275610013,0.1257299198922044,0.09466265837202492,0.019974708557128906,2660,13
LightGBM,78,"{'n_estimators': 100, 'max_depth': 6, 'learning_rate': 0.03, 'random_state': 42, 'verbose': -1, 'num_leaves': 15}",0.6707966039447556,0.026120884409493846,0.6699641428334475,0.010973123846085637,0.10475267942198728,0.0759341123317335,0.031974077224731445,2660,13
LightGBM,79,"{'n_estimators': 100, 'max_depth': 6, 'learning_rate': 0.05, 'random_state': 42, 'verbose': -1, 'num_leaves': 31}",0.742997279906566,0.01865156778803997,0.7455482163690677,0.00846008357579934,0.09197871262308112,0.06313454169016963,0.043961524963378906,2660,13
LightGBM,80,"{'n_estimators': 100, 'max_depth': 6, 'learning_rate': 0.07, 'random_state': 42, 'verbose': -1, 'num_leaves': 63}",0.758952926083263,0.018262607939751138,0.7585895802370928,0.008026480687694095,0.08959062834746777,0.061032322937399366,0.04395580291748047,2660,13
LightGBM,81,"{'n_estimators': 100, 'max_depth': 7, 'learning_rate': 0.01, 'random_state': 42, 'verbose': -1, 'num_leaves': 7, 'subsample': 0.7, 'reg_alpha': 0.0}",0.3959385275991661,0.019023556411725515,0.4025927366821447,0.019862762619849903,0.1409353136011337,0.10891781869942813,0.019983768463134766,2660,13
LightGBM,82,"{'n_estimators': 100, 'max_depth': 7, 'learning_rate': 0.02, 'random_state': 42, 'verbose': -1, 'num_leaves': 15}",0.6099085908154096,0.028795038146069193,0.6062138383919979,0.013092711674715624,0.11442338779600796,0.08470228245932203,0.031974077224731445,2660,13
LightGBM,83,"{'n_estimators': 100, 'max_depth': 7, 'learning_rate': 0.03, 'random_state': 42, 'verbose': -1, 'num_leaves': 31}",0.7135671873063433,0.023546105694075083,0.710295245943913,0.009632184127959645,0.09814369122852291,0.06887533696726346,0.047960758209228516,2660,13
LightGBM,84,"{'n_estimators': 100, 'max_depth': 7, 'learning_rate': 0.05, 'random_state': 42, 'verbose': -1, 'num_leaves': 63}",0.7542982685430378,0.02000665663043897,0.7575983038580067,0.00805943892007162,0.08977437785956313,0.06128820038220616,0.062365055084228516,2660,13
LightGBM,85,"{'n_estimators': 100, 'max_depth': 7, 'learning_rate': 0.07, 'random_state': 42, 'verbose': -1, 'num_leaves': 127}",0.7640865427804513,0.017311612628036516,0.7640165538870958,0.00784604316044422,0.08857789318133627,0.060019358901241805,0.0543520450592041,2660,13
LightGBM,86,"{'n_estimators': 100, 'max_depth': 8, 'learning_rate': 0.01, 'random_state': 42, 'verbose': -1, 'num_leaves': 15}",0.47269069818908027,0.027682395521827618,0.47222786509473424,0.01754751452932557,0.13246703185821584,0.10095687061806567,0.03198528289794922,2660,13
LightGBM,87,"{'n_estimators': 100, 'max_depth': 8, 'learning_rate': 0.02, 'random_state': 42, 'verbose': -1, 'num_leaves': 31}",0.6658997704213727,0.030660802995525472,0.6531264121829392,0.01153294939141061,0.10739157039270172,0.07759512550196308,0.05594682693481445,2660,13
LightGBM,88,"{'n_estimators': 100, 'max_depth': 8, 'learning_rate': 0.03, 'random_state': 42, 'verbose': -1, 'num_leaves': 63}",0.7290666706574772,0.023875078308174473,0.7262842746545484,0.009100576460457381,0.09539694156762774,0.06554595247382626,0.06795716285705566,2660,13
LightGBM,89,"{'n_estimators': 100, 'max_depth': 8, 'learning_rate': 0.05, 'random_state': 42, 'verbose': -1, 'num_leaves': 127}",0.7613718598110158,0.017916450879376412,0.7654633474279036,0.007797939766954498,0.0883059441201695,0.05971049280743145,0.07199501991271973,2660,13
LightGBM,90,"{'n_estimators': 100, 'max_depth': 8, 'learning_rate': 0.07, 'random_state': 42, 'verbose': -1, 'num_leaves': 255}",0.770179482699745,0.01893409435676599,0.7790715414360219,0.007345490752915134,0.08570583849957443,0.05762163579556465,0.06226468086242676,2660,13
LightGBM,91,"{'n_estimators': 120, 'max_depth': 3, 'learning_rate': 0.01, 'random_state': 42, 'verbose': -1, 'num_leaves': 7, 'subsample': 0.9, 'colsample_bytree': 0.9, 'min_child_samples': 15}",0.4177594435538918,0.02069200008311913,0.4148219038021076,0.01945616387481078,0.13948535362112677,0.1062592592385113,0.022312641143798828,2660,13
LightGBM,92,"{'n_estimators': 120, 'max_depth': 3, 'learning_rate': 0.02, 'random_state': 42, 'verbose': -1, 'num_leaves': 7}",0.5383212919932002,0.02296397506540693,0.5407661559276222,0.015268734399296307,0.12356672043595034,0.09191802235340138,0.019982576370239258,2660,13
LightGBM,93,"{'n_estimators': 120, 'max_depth': 3, 'learning_rate': 0.03, 'random_state': 42, 'verbose': -1, 'num_leaves': 7}",0.5965532146487098,0.022940563533329923,0.5999663646187501,0.013300429417955947,0.11532748769463395,0.08449981720453388,0.01998424530029297,2660,13
LightGBM,94,"{'n_estimators': 120, 'max_depth': 3, 'learning_rate': 0.05, 'random_state': 42, 'verbose': -1, 'num_leaves': 7}",0.6489376168955543,0.022018756160040755,0.6621380737082174,0.011233327166041383,0.10598739154277448,0.07727713938383607,0.02397775650024414,2660,13
LightGBM,95,"{'n_estimators': 120, 'max_depth': 3, 'learning_rate': 0.07, 'random_state': 42, 'verbose': -1, 'num_leaves': 7}",0.6764291154972828,0.019782077525100663,0.6941843192011349,0.010167844695091605,0.10083573124191446,0.073019232879688,0.01998448371887207,2660,13
LightGBM,96,"{'n_estimators': 120, 'max_depth': 4, 'learning_rate': 0.01, 'random_state': 42, 'verbose': -1, 'num_leaves': 15}",0.4989250938545705,0.02918859464167658,0.4947923917750251,0.016797282878992553,0.12960433202247737,0.09767375407878667,0.033907413482666016,2660,13
LightGBM,97,"{'n_estimators': 120, 'max_depth': 4, 'learning_rate': 0.02, 'random_state': 42, 'verbose': -1, 'num_leaves': 7}",0.5473353844587544,0.02378292403213356,0.5511097639609315,0.014924827246481724,0.1221672101935774,0.09123937524400477,0.026174545288085938,2660,13
LightGBM,98,"{'n_estimators': 120, 'max_depth': 4, 'learning_rate': 0.03, 'random_state': 42, 'verbose': -1, 'num_leaves': 15}",0.6723900776756683,0.02180814697567119,0.6699028955774646,0.0109751602118639,0.10476239884550134,0.07540796358657637,0.03501701354980469,2660,13
LightGBM,99,"{'n_estimators': 120, 'max_depth': 4, 'learning_rate': 0.05, 'random_state': 42, 'verbose': -1, 'num_leaves': 7}",0.6612079147626669,0.021802478604751444,0.6757381044761274,0.010781149565679797,0.10383231465049692,0.07588953464372487,0.023970842361450195,2660,13
LightGBM,100,"{'n_estimators': 120, 'max_depth': 4, 'learning_rate': 0.07, 'random_state': 42, 'verbose': -1, 'num_leaves': 15}",0.7321512476094566,0.018697979703928575,0.7412956325981087,0.008601474662165562,0.09274413545969126,0.0653082412374327,0.027983903884887695,2660,13
LightGBM,101,"{'n_estimators': 120, 'max_depth': 5, 'learning_rate': 0.01, 'random_state': 42, 'verbose': -1, 'num_leaves': 15, 'subsample': 0.7, 'reg_alpha': 0.0, 'reg_lambda': 0.0}",0.5083699138342146,0.029160345013158374,0.5066531918002387,0.016402931705433114,0.12807393062381242,0.09657298157363005,0.03597092628479004,2660,13
LightGBM,102,"{'n_estimators': 120, 'max_depth': 5, 'learning_rate': 0.02, 'random_state': 42, 'verbose': -1, 'num_leaves': 31}",0.6606034258691129,0.027624786889233328,0.6548126299826469,0.01147688555366122,0.10713022707742768,0.07740179721901208,0.04446578025817871,2660,13
LightGBM,103,"{'n_estimators': 120, 'max_depth': 5, 'learning_rate': 0.03, 'random_state': 42, 'verbose': -1, 'num_leaves': 7}",0.6087959427593164,0.023198677648378956,0.6174295852400544,0.012719807408352954,0.11278212362051424,0.08330504967151726,0.028731584548950195,2660,13
LightGBM,104,"{'n_estimators': 120, 'max_depth': 5, 'learning_rate': 0.05, 'random_state': 42, 'verbose': -1, 'num_leaves': 15}",0.7259201872791301,0.016032922070841796,0.7325974374831251,0.008890674669260443,0.0942903742131743,0.06629743376416987,0.03404736518859863,2660,13
LightGBM,105,"{'n_estimators': 120, 'max_depth': 5, 'learning_rate': 0.07, 'random_state': 42, 'verbose': -1, 'num_leaves': 31}",0.7544088534446022,0.01377605729800745,0.7585986448993878,0.008026179303284416,0.08958894632310627,0.062044771212736334,0.043962717056274414,2660,13
LightGBM,106,"{'n_estimators': 120, 'max_depth': 6, 'learning_rate': 0.01, 'random_state': 42, 'verbose': -1, 'num_leaves': 15, 'colsample_bytree': 0.8}",0.5114675130419288,0.02540694701125387,0.5045847217280759,0.016471704772907145,0.12834213950572565,0.09765210115871734,0.04345560073852539,2660,13
LightGBM,107,"{'n_estimators': 120, 'max_depth': 6, 'learning_rate': 0.02, 'random_state': 42, 'verbose': -1, 'num_leaves': 31}",0.6841388299988672,0.028376272221534812,0.6806214769042194,0.01061878584284052,0.1030474931419514,0.07389108561913399,0.06794381141662598,2660,13
LightGBM,108,"{'n_estimators': 120, 'max_depth': 6, 'learning_rate': 0.03, 'random_state': 42, 'verbose': -1, 'num_leaves': 63}",0.7274616474646182,0.02251729699761832,0.7284753474530709,0.009027727063484607,0.09501435188162159,0.06603974998887795,0.056749820709228516,2660,13
LightGBM,109,"{'n_estimators': 120, 'max_depth': 6, 'learning_rate': 0.05, 'random_state': 42, 'verbose': -1, 'num_leaves': 7}",0.6660052506284192,0.0197037025492623,0.6823280585042718,0.010562044943801249,0.10277181006385579,0.07486761981416572,0.02406144142150879,2660,13
LightGBM,110,"{'n_estimators': 120, 'max_depth': 6, 'learning_rate': 0.07, 'random_state': 42, 'verbose': -1, 'num_leaves': 15}",0.7477749104477714,0.01533289590653725,0.75676176665093,0.008087252341479584,0.08992915178894764,0.06315652448256355,0.03647732734680176,2660,13
LightGBM,111,"{'n_estimators': 120, 'max_depth': 7, 'learning_rate': 0.01, 'random_state': 42, 'verbose': -1, 'num_leaves': 7, 'subsample': 0.9}",0.42790089689914457,0.019870303441315074,0.4327961448533545,0.018858551316017828,0.1373264407025021,0.10558727037056723,0.02797675132751465,2660,13
LightGBM,112,"{'n_estimators': 120, 'max_depth': 7, 'learning_rate': 0.02, 'random_state': 42, 'verbose': -1, 'num_leaves': 15}",0.6383430575110338,0.026991961024442013,0.6335476505874634,0.012183909494911492,0.11038074784540777,0.08097668803097895,0.03998064994812012,2660,13
LightGBM,113,"{'n_estimators': 120, 'max_depth': 7, 'learning_rate': 0.03, 'random_state': 42, 'verbose': -1, 'num_leaves': 31}",0.729713943498665,0.02097734177610096,0.7306513712616802,0.008955378019508298,0.09463285908979131,0.0657684477833644,0.07008886337280273,2660,13
LightGBM,114,"{'n_estimators': 120, 'max_depth': 7, 'learning_rate': 0.05, 'random_state': 42, 'verbose': -1, 'num_leaves': 63}",0.7610442699302523,0.019833066008779137,0.7651313182374162,0.00780897916570048,0.08836842855737834,0.059945628476867484,0.06394791603088379,2660,13
LightGBM,115,"{'n_estimators': 120, 'max_depth': 7, 'learning_rate': 0.07, 'random_state': 42, 'verbose': -1, 'num_leaves': 127}",0.7692094457156642,0.017224021221205386,0.7706425569428529,0.007625739970483038,0.08732548293873352,0.05909924674161684,0.059950828552246094,2660,13
LightGBM,116,"{'n_estimators': 120, 'max_depth': 8, 'learning_rate': 0.01, 'random_state': 42, 'verbose': -1, 'num_leaves': 15}",0.51259611562803,0.028506834934189717,0.5101001084072074,0.016288327664708203,0.12762573276854555,0.09631679121334673,0.048454999923706055,2660,13
LightGBM,117,"{'n_estimators': 120, 'max_depth': 8, 'learning_rate': 0.02, 'random_state': 42, 'verbose': -1, 'num_leaves': 31}",0.6901305497354608,0.029076534026370712,0.679470610595027,0.010657050165540105,0.10323298971520735,0.0735866918912408,0.0644528865814209,2660,13
LightGBM,118,"{'n_estimators': 120, 'max_depth': 8, 'learning_rate': 0.03, 'random_state': 42, 'verbose': -1, 'num_leaves': 63}",0.74282931834091,0.021046898725359784,0.7428528539846301,0.008549699732990369,0.09246458637224507,0.0629829912737657,0.07993292808532715,2660,13
LightGBM,119,"{'n_estimators': 120, 'max_depth': 8, 'learning_rate': 0.05, 'random_state': 42, 'verbose': -1, 'num_leaves': 127}",0.7668620126974147,0.018162414418022584,0.7719888159564583,0.0075809791768770675,0.08706881862571163,0.058589674403280445,0.07193779945373535,2660,13
LightGBM,120,"{'n_estimators': 120, 'max_depth': 8, 'learning_rate': 0.07, 'random_state': 42, 'verbose': -1, 'num_leaves': 255}",0.7744412214920898,0.02000596003154753,0.784129036163557,0.00717733776350174,0.08471916998827207,0.05659012089422616,0.0691537857055664,2660,13
LightGBM,121,"{'n_estimators': 150, 'max_depth': 3, 'learning_rate': 0.01, 'random_state': 42, 'verbose': -1, 'num_leaves': 7, 'subsample': 0.7, 'colsample_bytree': 0.7, 'reg_alpha': 0.0, 'min_child_samples': 5}",0.44983938861123984,0.020510927374883064,0.4459577001391798,0.018420952270270564,0.13572380878191773,0.10274071798393776,0.027981996536254883,2660,13
LightGBM,122,"{'n_estimators': 150, 'max_depth': 3, 'learning_rate': 0.02, 'random_state': 42, 'verbose': -1, 'num_leaves': 7}",0.5709879506819735,0.022423273719497174,0.573700156892704,0.014173735587835128,0.11905349884751447,0.08786059560075207,0.02796792984008789,2660,13
LightGBM,123,"{'n_estimators': 150, 'max_depth': 3, 'learning_rate': 0.03, 'random_state': 42, 'verbose': -1, 'num_leaves': 7}",0.6225938104383654,0.022581065793324105,0.630646831302184,0.01228035674020709,0.11081677102409675,0.08077436026943528,0.02397942543029785,2660,13
LightGBM,124,"{'n_estimators': 150, 'max_depth': 3, 'learning_rate': 0.05, 'random_state': 42, 'verbose': -1, 'num_leaves': 7}",0.6662128666874321,0.021089306219499688,0.6821921908814552,0.0105665623082617,0.10279378535817085,0.07442025476704262,0.023978233337402344,2660,13
LightGBM,125,"{'n_estimators': 150, 'max_depth': 3, 'learning_rate': 0.07, 'random_state': 42, 'verbose': -1, 'num_leaves': 7}",0.6911656728338678,0.018368126037908918,0.7086794575385015,0.009685906309645808,0.09841700213705866,0.07104858319777443,0.023988962173461914,2660,13
LightGBM,126,"{'n_estimators': 150, 'max_depth': 4, 'learning_rate': 0.01, 'random_state': 42, 'verbose': -1, 'num_leaves': 15, 'reg_lambda': 0.1}",0.5409798628521878,0.029541363027093457,0.5332575921625166,0.01551838121285195,0.12457279483439372,0.09301439329017874,0.04026198387145996,2660,13
LightGBM,127,"{'n_estimators': 150, 'max_depth': 4, 'learning_rate': 0.02, 'random_state': 42, 'verbose': -1, 'num_leaves': 7}",0.5815219293980132,0.02279610389069079,0.5869434963285673,0.013733417359951958,0.11718966404914709,0.08685567494879631,0.027984619140625,2660,13
LightGBM,128,"{'n_estimators': 150, 'max_depth': 4, 'learning_rate': 0.03, 'random_state': 42, 'verbose': -1, 'num_leaves': 15}",0.6929221972669207,0.019919280467600373,0.6954970564276396,0.010124198443173789,0.10061907594076676,0.0719782306701109,0.03197336196899414,2660,13
LightGBM,129,"{'n_estimators': 150, 'max_depth': 4, 'learning_rate': 0.05, 'random_state': 42, 'verbose': -1, 'num_leaves': 7}",0.6781767293399021,0.02153272418428625,0.6952699956455018,0.01013174782312413,0.10065658360546581,0.07344734890162925,0.031974077224731445,2660,13
LightGBM,130,"{'n_estimators': 150, 'max_depth': 4, 'learning_rate': 0.07, 'random_state': 42, 'verbose': -1, 'num_leaves': 15}",0.7429306688380606,0.01713343403979234,0.7523840719407876,0.008232803151101172,0.0907347957020964,0.06366947888541644,0.035979509353637695,2660,13
LightGBM,131,"{'n_estimators': 150, 'max_depth': 5, 'learning_rate': 0.01, 'random_state': 42, 'verbose': -1, 'num_leaves': 15, 'subsample': 0.9}",0.5531556167013145,0.029880469901587672,0.5502193543127776,0.014954431833773622,0.12228831437947627,0.09137406509534825,0.043968915939331055,2660,13
LightGBM,132,"{'n_estimators': 150, 'max_depth': 5, 'learning_rate': 0.02, 'random_state': 42, 'verbose': -1, 'num_leaves': 31}",0.6887949726305825,0.023448082808548147,0.6848286450543164,0.01047890474765084,0.10236652161547172,0.07290730670084575,0.055939435958862305,2660,13
LightGBM,133,"{'n_estimators': 150, 'max_depth': 5, 'learning_rate': 0.03, 'random_state': 42, 'verbose': -1, 'num_leaves': 7}",0.6349876589972784,0.022579865581329444,0.6463019264209646,0.011759851789516416,0.10844285033839905,0.0795458392665018,0.034575700759887695,2660,13
LightGBM,134,"{'n_estimators': 150, 'max_depth': 5, 'learning_rate': 0.05, 'random_state': 42, 'verbose': -1, 'num_leaves': 15}",0.7387754581508419,0.014929558250913317,0.7464776931617859,0.008429180073234122,0.09181056623958989,0.0645983684320784,0.04395580291748047,2660,13
LightGBM,135,"{'n_estimators': 150, 'max_depth': 5, 'learning_rate': 0.07, 'random_state': 42, 'verbose': -1, 'num_leaves': 31}",0.7634902576996911,0.014061780800351448,0.7660549893854907,0.0077782686908208915,0.08819449354024826,0.06072445803500949,0.04796552658081055,2660,13
LightGBM,136,"{'n_estimators': 150, 'max_depth': 6, 'learning_rate': 0.01, 'random_state': 42, 'verbose': -1, 'num_leaves': 63, 'colsample_bytree': 1.0}",0.6193344074403972,0.029997933498979085,0.6131202012567318,0.012863087003956025,0.1134155500976653,0.08315918607882852,0.07993674278259277,2660,13
LightGBM,137,"{'n_estimators': 150, 'max_depth': 6, 'learning_rate': 0.02, 'random_state': 42, 'verbose': -1, 'num_leaves': 7}",0.5830847460074858,0.022454732573125316,0.5892505642055632,0.013656711326392625,0.11686193275139953,0.08677471303641111,0.027966737747192383,2660,13
LightGBM,138,"{'n_estimators': 150, 'max_depth': 6, 'learning_rate': 0.03, 'random_state': 42, 'verbose': -1, 'num_leaves': 15}",0.711719910135004,0.021972182075472947,0.7184686245917327,0.009360433364532092,0.09674933263093907,0.06871460857545286,0.058516502380371094,2660,13
LightGBM,139,"{'n_estimators': 150, 'max_depth': 6, 'learning_rate': 0.05, 'random_state': 42, 'verbose': -1, 'num_leaves': 31}",0.7600723026069205,0.017437084723928662,0.7626956404862486,0.007889961256077497,0.08882545387487473,0.06034610058503605,0.0599370002746582,2660,13
LightGBM,140,"{'n_estimators': 150, 'max_depth': 6, 'learning_rate': 0.07, 'random_state': 42, 'verbose': -1, 'num_leaves': 63}",0.7713958530506766,0.018147196338332915,0.7708653844933722,0.007618331338193323,0.08728305298391735,0.059181160444627186,0.0519566535949707,2660,13
LightGBM,141,"{'n_estimators': 150, 'max_depth': 7, 'learning_rate': 0.01, 'random_state': 42, 'verbose': -1, 'num_leaves': 7, 'subsample': 0.7, 'reg_alpha': 0.0}",0.46778359829029165,0.022110743907748226,0.47427343262407196,0.01747950293195654,0.1322100712198452,0.10083703961778327,0.03596949577331543,2660,13
LightGBM,142,"{'n_estimators': 150, 'max_depth': 7, 'learning_rate': 0.02, 'random_state': 42, 'verbose': -1, 'num_leaves': 15}",0.6714012287605032,0.023695229959844372,0.6732913036802695,0.010862501478136083,0.10422332501957556,0.07567836474794479,0.04796028137207031,2660,13
LightGBM,143,"{'n_estimators': 150, 'max_depth': 7, 'learning_rate': 0.03, 'random_state': 42, 'verbose': -1, 'num_leaves': 31}",0.7437048535832315,0.019615842795089863,0.7472471873971569,0.008403595715170529,0.09167112803478819,0.06307611541198935,0.06794333457946777,2660,13
LightGBM,144,"{'n_estimators': 150, 'max_depth': 7, 'learning_rate': 0.05, 'random_state': 42, 'verbose': -1, 'num_leaves': 63}",0.7683513324700975,0.018764222045702248,0.7718840515289827,0.007584462413659956,0.08708881910819526,0.05881825944813735,0.07194113731384277,2660,13
LightGBM,145,"{'n_estimators': 150, 'max_depth': 7, 'learning_rate': 0.07, 'random_state': 42, 'verbose': -1, 'num_leaves': 127}",0.7737700195314969,0.01873663575714915,0.7758181980987532,0.007453658815804347,0.08633457485737882,0.05836078683268247,0.06611037254333496,2660,13
LightGBM,146,"{'n_estimators': 150, 'max_depth': 8, 'learning_rate': 0.01, 'random_state': 42, 'verbose': -1, 'num_leaves': 15}",0.5578696410276096,0.028371471879362266,0.5523845284816733,0.014882443521631983,0.12199362082351677,0.09121545733029877,0.04389333724975586,2660,13
LightGBM,147,"{'n_estimators': 150, 'max_depth': 8, 'learning_rate': 0.02, 'random_state': 42, 'verbose': -1, 'num_leaves': 31}",0.7147499090705933,0.02660849434194537,0.7089982928498542,0.009675305584657878,0.09836313122637912,0.0689325378514061,0.07738161087036133,2660,13
LightGBM,148,"{'n_estimators': 150, 'max_depth': 8, 'learning_rate': 0.03, 'random_state': 42, 'verbose': -1, 'num_leaves': 63}",0.7558283135256891,0.02012856313043845,0.7592345853584274,0.008005035378270667,0.08947086329230688,0.06045324713820831,0.10040807723999023,2660,13
LightGBM,149,"{'n_estimators': 150, 'max_depth': 8, 'learning_rate': 0.05, 'random_state': 42, 'verbose': -1, 'num_leaves': 127}",0.7725217990492217,0.018898542553082622,0.7771308241676456,0.007410016259685702,0.08608145131028927,0.05769855169963552,0.09192395210266113,2660,13
LightGBM,150,"{'n_estimators': 150, 'max_depth': 8, 'learning_rate': 0.07, 'random_state': 42, 'verbose': -1, 'num_leaves': 255}",0.7786340326233876,0.020980832702811276,0.7873148216861221,0.007071415881599883,0.08409171113492626,0.0560328334145714,0.08393001556396484,2660,13
